name,alt,nps,kgm,od,thk,sch,profileCode,code
CHS 0.125 SCH 10,,0.125,0.277040304,10.3,1.24,10,CHS,ASME B36.10M
CHS 0.125 SCH 30,,0.125,0.31644945,10.3,1.45,30,CHS,ASME B36.10M
CHS 0.125 SCH 40,CHS 0.125 SCH STD,0.125,0.365611626,10.3,1.73,40(STD),CHS,ASME B36.10M
CHS 0.125 SCH 80,CHS 0.125 SCH XS,0.125,0.468907434,10.3,2.41,80/XS,CHS,ASME B36.10M
CHS 0.125 SCH 160,,0.125,0.55540485,10.3,3.15,160,CHS,ASME B36.10M
CHS 0.125 SCH XXS,,0.125,0.651519666,10.3,4.83,XXS,CHS,ASME B36.10M
CHS 0.25 SCH 10,,0.25,0.49030245,13.7,1.65,10,CHS,ASME B36.10M
CHS 0.25 SCH 30,,0.25,0.54060885,13.7,1.85,30,CHS,ASME B36.10M
CHS 0.25 SCH 40,CHS 0.25 SCH STD,0.25,0.633032064,13.7,2.24,40(STD),CHS,ASME B36.10M
CHS 0.25 SCH 80,CHS 0.25 SCH XS,0.25,0.795373776,13.7,3.02,80/XS,CHS,ASME B36.10M
CHS 0.25 SCH 160,,0.25,0.909302976,13.7,3.68,160,CHS,ASME B36.10M
CHS 0.25 SCH XXS,,0.25,1.14132645,13.7,6.05,XXS,CHS,ASME B36.10M
CHS 0.375 SCH 10,,0.375,0.62864505,17.1,1.65,10,CHS,ASME B36.10M
CHS 0.375 SCH 30,,0.375,0.69572025,17.1,1.85,30,CHS,ASME B36.10M
CHS 0.375 SCH 40,CHS 0.375 SCH STD,0.375,0.842506434,17.1,2.31,40(STD),CHS,ASME B36.10M
CHS 0.375 SCH 80,CHS 0.375 SCH XS,0.375,1.0968768,17.1,3.2,80/XS,CHS,ASME B36.10M
CHS 0.375 SCH 160,,0.375,1.294425594,17.1,4.01,160,CHS,ASME B36.10M
CHS 0.375 SCH XXS,,0.375,1.6887168,17.1,6.4,XXS,CHS,ASME B36.10M
CHS 0.5 SCH 5,,0.5,0.80116641,21.34,1.65,5,CHS,ASME B36.10M
CHS 0.5 SCH 10,,0.5,1.000586898,21.34,2.11,10,CHS,ASME B36.10M
CHS 0.5 SCH 30,,0.5,1.125021258,21.34,2.41,30,CHS,ASME B36.10M
CHS 0.5 SCH 40,CHS 0.5 SCH STD,0.5,1.268483274,21.34,2.77,40(STD),CHS,ASME B36.10M
CHS 0.5 SCH 80,CHS 0.5 SCH XS,0.5,1.619799498,21.34,3.73,80(XS),CHS,ASME B36.10M
CHS 0.5 SCH 160,,0.5,1.952006688,21.34,4.78,160,CHS,ASME B36.10M
CHS 0.5 SCH XXS,,0.5,2.554995474,21.34,7.47,XXS,CHS,ASME B36.10M
CHS 0.75 SCH 5,,0.75,1.01803878,26.67,1.65,5,CHS,ASME B36.10M
CHS 0.75 SCH 10,,0.75,1.277920656,26.67,2.11,10,CHS,ASME B36.10M
CHS 0.75 SCH 30,,0.75,1.441786356,26.67,2.41,30,CHS,ASME B36.10M
CHS 0.75 SCH 40,CHS 0.75 SCH STD,0.75,1.68442596,26.67,2.87,40(STD),CHS,ASME B36.10M
CHS 0.75 SCH 80,CHS 0.75 SCH XS,0.75,2.194532856,26.67,3.91,80(XS),CHS,ASME B36.10M
CHS 0.75 SCH 160,,0.75,2.894383656,26.67,5.56,160,CHS,ASME B36.10M
CHS 0.75 SCH XXS,,0.75,3.63505662,26.67,7.82,XXS,CHS,ASME B36.10M
CHS 1 SCH 5,,1,1.29187575,33.4,1.65,5,CHS,ASME B36.10M
CHS 1 SCH 10,,1,2.092280166,33.4,2.77,10,CHS,ASME B36.10M
CHS 1 SCH 30,,1,2.181177,33.4,2.9,30,CHS,ASME B36.10M
CHS 1 SCH 40,CHS 1 SCH STD,1,2.502191016,33.4,3.38,40(STD),CHS,ASME B36.10M
CHS 1 SCH 80,CHS 1 SCH XS,1,3.23705655,33.4,4.55,80(XS),CHS,ASME B36.10M
CHS 1 SCH 160,,1,4.23578655,33.4,6.35,160,CHS,ASME B36.10M
CHS 1 SCH XXS,,1,5.449315014,33.4,9.09,XXS,CHS,ASME B36.10M
CHS 1.25 SCH 5,,1.25,1.64831139,42.16,1.65,5,CHS,ASME B36.10M
CHS 1.25 SCH 10,,1.25,2.690659998,42.16,2.77,10,CHS,ASME B36.10M
CHS 1.25 SCH 30,,1.25,2.870283438,42.16,2.97,30,CHS,ASME B36.10M
CHS 1.25 SCH 40,CHS 1.25 SCH STD,1.25,3.38867856,42.16,3.56,40(STD),CHS,ASME B36.10M
CHS 1.25 SCH 80,CHS 1.25 SCH XS,1.25,4.46231331,42.16,4.85,80(XS),CHS,ASME B36.10M
CHS 1.25 SCH 160,,1.25,5.60752371,42.16,6.35,160,CHS,ASME B36.10M
CHS 1.25 SCH XXS,,1.25,7.76449692,42.16,9.7,XXS,CHS,ASME B36.10M
CHS 1.5 SCH 5,,1.5,1.89651429,48.26,1.65,5,CHS,ASME B36.10M
CHS 1.5 SCH 10,,1.5,3.107340018,48.26,2.77,10,CHS,ASME B36.10M
CHS 1.5 SCH 30,,1.5,3.535119504,48.26,3.18,30,CHS,ASME B36.10M
CHS 1.5 SCH 40,CHS 1.5 SCH STD,1.5,4.045581504,48.26,3.68,40(STD),CHS,ASME B36.10M
CHS 1.5 SCH 80,CHS 1.5 SCH XS,1.5,5.409279504,48.26,5.08,80(XS),CHS,ASME B36.10M
CHS 1.5 SCH 120,,1.5,5.409279504,48.26,5.08,120,CHS,ASME B36.10M
CHS 1.5 SCH 160,,1.5,7.240097088,48.26,7.14,160,CHS,ASME B36.10M
CHS 1.5 SCH XXS,,1.5,9.53889489,48.26,10.15,XXS,CHS,ASME B36.10M
CHS 2 SCH 5,,2,2.38763052,60.33,1.65,5,CHS,ASME B36.10M
CHS 2 SCH ,,2,3.029337972,60.33,2.11,,CHS,ASME B36.10M
CHS 2 SCH 10,,2,3.931819992,60.33,2.77,10,CHS,ASME B36.10M
CHS 2 SCH 30,,2,4.48163442,60.33,3.18,30,CHS,ASME B36.10M
CHS 2 SCH ,,2,5.0100489,60.33,3.58,,CHS,ASME B36.10M
CHS 2 SCH 40,CHS 2 SCH STD,2,5.440050252,60.33,3.91,40(STD),CHS,ASME B36.10M
CHS 2 SCH ,,2,6.030484632,60.33,4.37,,CHS,ASME B36.10M
CHS 2 SCH ,,2,6.54794514,60.33,4.78,,CHS,ASME B36.10M
CHS 2 SCH 80,CHS 2 SCH XS,2,7.485212556,60.33,5.54,80(XS),CHS,ASME B36.10M
CHS 2 SCH 120,,2,8.45278218,60.33,6.35,120,CHS,ASME B36.10M
CHS 2 SCH ,,2,9.365290956,60.33,7.14,,CHS,ASME B36.10M
CHS 2 SCH 160,,2,11.11911016,60.33,8.74,160,CHS,ASME B36.10M
CHS 2 SCH XXS,,2,13.44730021,60.33,11.07,XXS,CHS,ASME B36.10M
CHS 2.5 SCH 5,,2.5,3.690151992,73.03,2.11,5,CHS,ASME B36.10M
CHS 2.5 SCH ,,2.5,4.799334132,73.03,2.77,,CHS,ASME B36.10M
CHS 2.5 SCH 10,,2.5,5.26340574,73.03,3.05,10,CHS,ASME B36.10M
CHS 2.5 SCH ,,2.5,5.47755318,73.03,3.18,,CHS,ASME B36.10M
CHS 2.5 SCH ,,2.5,6.13124046,73.03,3.58,,CHS,ASME B36.10M
CHS 2.5 SCH ,,2.5,6.744934152,73.03,3.96,,CHS,ASME B36.10M
CHS 2.5 SCH ,,2.5,7.399089972,73.03,4.37,,CHS,ASME B36.10M
CHS 2.5 SCH 30,,2.5,8.0449551,73.03,4.78,30,CHS,ASME B36.10M
CHS 2.5 SCH 40,CHS 2.5 SCH STD,2.5,8.636158872,73.03,5.16,40(STD),CHS,ASME B36.10M
CHS 2.5 SCH ,,2.5,9.143794836,73.03,5.49,,CHS,ASME B36.10M
CHS 2.5 SCH ,,2.5,10.44148788,73.03,6.35,,CHS,ASME B36.10M
CHS 2.5 SCH 80,CHS 2.5 SCH XS,2.5,11.41265293,73.03,7.01,80(XS),CHS,ASME B36.10M
CHS 2.5 SCH 120,,2.5,12.29114077,73.03,7.62,120,CHS,ASME B36.10M
CHS 2.5 SCH 160,,2.5,14.9231223,73.03,9.53,160,CHS,ASME B36.10M
CHS 2.5 SCH XXS,,2.5,20.40171613,73.03,14.02,XXS,CHS,ASME B36.10M
CHS 3 SCH 5,,3,4.515909354,88.9,2.11,5,CHS,ASME B36.10M
CHS 3 SCH ,,3,5.883385266,88.9,2.77,,CHS,ASME B36.10M
CHS 3 SCH 10,,3,6.45703605,88.9,3.05,10,CHS,ASME B36.10M
CHS 3 SCH ,,3,6.722059536,88.9,3.18,,CHS,ASME B36.10M
CHS 3 SCH ,,3,7.532288496,88.9,3.58,,CHS,ASME B36.10M
CHS 3 SCH ,,3,8.294696784,88.9,3.96,,CHS,ASME B36.10M
CHS 3 SCH ,,3,9.109307826,88.9,4.37,,CHS,ASME B36.10M
CHS 3 SCH 30,,3,9.915628176,88.9,4.78,30,CHS,ASME B36.10M
CHS 3 SCH 40,CHS 3 SCH STD,3,11.29232939,88.9,5.49,40(STD),CHS,ASME B36.10M
CHS 3 SCH ,,3,12.92658705,88.9,6.35,,CHS,ASME B36.10M
CHS 3 SCH ,,3,14.39567942,88.9,7.14,,CHS,ASME B36.10M
CHS 3 SCH 80,CHS 3 SCH XS,3,15.27325978,88.9,7.62,80(XS),CHS,ASME B36.10M
CHS 3 SCH 120,,3,17.54038427,88.9,8.89,120,CHS,ASME B36.10M
CHS 3 SCH 160,,3,21.34520527,88.9,11.13,160,CHS,ASME B36.10M
CHS 3 SCH XXS,,3,27.68278334,88.9,15.24,XXS,CHS,ASME B36.10M
CHS 3.5 SCH 5,,3.5,5.176723374,101.6,2.11,5,CHS,ASME B36.10M
CHS 3.5 SCH ,,3.5,6.750899406,101.6,2.77,,CHS,ASME B36.10M
CHS 3.5 SCH 10,,3.5,7.41224115,101.6,3.05,10,CHS,ASME B36.10M
CHS 3.5 SCH ,,3.5,7.717978296,101.6,3.18,,CHS,ASME B36.10M
CHS 3.5 SCH ,,3.5,8.653480056,101.6,3.58,,CHS,ASME B36.10M
CHS 3.5 SCH ,,3.5,9.534897504,101.6,3.96,,CHS,ASME B36.10M
CHS 3.5 SCH ,,3.5,10.47791317,101.6,4.37,,CHS,ASME B36.10M
CHS 3.5 SCH 30,,3.5,11.41263814,101.6,4.78,30,CHS,ASME B36.10M
CHS 3.5 SCH ,,3.5,13.23492089,101.6,5.59,,CHS,ASME B36.10M
CHS 3.5 SCH 40,CHS 3.5 SCH STD,3.5,13.56882962,101.6,5.74,40(STD),CHS,ASME B36.10M
CHS 3.5 SCH ,,3.5,14.91529275,101.6,6.35,,CHS,ASME B36.10M
CHS 3.5 SCH ,,3.5,16.6317989,101.6,7.14,,CHS,ASME B36.10M
CHS 3.5 SCH 80,CHS 3.5 SCH XS,3.5,18.63412186,101.6,8.08,80(XS),CHS,ASME B36.10M
CHS 4 SCH 5,,4,5.837537394,114.3,2.11,5,CHS,ASME B36.10M
CHS 4 SCH ,,4,7.618413546,114.3,2.77,,CHS,ASME B36.10M
CHS 4 SCH 10,,4,8.36744625,114.3,3.05,10,CHS,ASME B36.10M
CHS 4 SCH ,,4,8.713897056,114.3,3.18,,CHS,ASME B36.10M
CHS 4 SCH ,,4,9.774671616,114.3,3.58,,CHS,ASME B36.10M
CHS 4 SCH ,,4,10.77509822,114.3,3.96,,CHS,ASME B36.10M
CHS 4 SCH ,,4,11.84651851,114.3,4.37,,CHS,ASME B36.10M
CHS 4 SCH 30,,4,12.9096481,114.3,4.78,30,CHS,ASME B36.10M
CHS 4 SCH ,,4,13.88758478,114.3,5.16,,CHS,ASME B36.10M
CHS 4 SCH ,,4,14.9092979,114.3,5.56,,CHS,ASME B36.10M
CHS 4 SCH 40,CHS 4 SCH STD,4,16.0745125,114.3,6.02,40(STD),CHS,ASME B36.10M
CHS 4 SCH ,,4,16.90399845,114.3,6.35,,CHS,ASME B36.10M
CHS 4 SCH ,,4,18.86791838,114.3,7.14,,CHS,ASME B36.10M
CHS 4 SCH ,,4,20.77677994,114.3,7.92,,CHS,ASME B36.10M
CHS 4 SCH 80,CHS 4 SCH XS,4,22.3206143,114.3,8.56,80(XS),CHS,ASME B36.10M
CHS 4 SCH 120,,4,28.31663659,114.3,11.13,120,CHS,ASME B36.10M
CHS 4 SCH 160,,4,33.53579735,114.3,13.49,160,CHS,ASME B36.10M
CHS 4 SCH XXS,,4,41.02737466,114.3,17.12,XXS,CHS,ASME B36.10M
CHS 5 SCH ,,5,7.242417594,141.3,2.11,,CHS,ASME B36.10M
CHS 5 SCH 5,,5,9.462734946,141.3,2.77,5,CHS,ASME B36.10M
CHS 5 SCH ,,5,10.83120466,141.3,3.18,,CHS,ASME B36.10M
CHS 5 SCH 10,,5,11.5620876,141.3,3.4,10,CHS,ASME B36.10M
CHS 5 SCH ,,5,13.41174542,141.3,3.96,,CHS,ASME B36.10M
CHS 5 SCH ,,5,16.0922677,141.3,4.78,,CHS,ASME B36.10M
CHS 5 SCH ,,5,18.6112571,141.3,5.56,,CHS,ASME B36.10M
CHS 5 SCH 40,CHS 5 SCH STD,5,21.76522425,141.3,6.55,40(STD),CHS,ASME B36.10M
CHS 5 SCH ,,5,23.62187318,141.3,7.14,,CHS,ASME B36.10M
CHS 5 SCH ,,5,26.05007434,141.3,7.92,,CHS,ASME B36.10M
CHS 5 SCH ,,5,28.5704447,141.3,8.74,,CHS,ASME B36.10M
CHS 5 SCH 80,CHS 5 SCH XS,5,30.96724135,141.3,9.53,80(XS),CHS,ASME B36.10M
CHS 5 SCH 120,,5,40.2752052,141.3,12.7,120,CHS,ASME B36.10M
CHS 5 SCH 160,,5,49.11457234,141.3,15.88,160,CHS,ASME B36.10M
CHS 5 SCH XXS,,5,57.42974925,141.3,19.05,XXS,CHS,ASME B36.10M
CHS 6 SCH ,,6,8.646257142,168.28,2.11,,CHS,ASME B36.10M
CHS 6 SCH 5,,6,11.30569018,168.28,2.77,5,CHS,ASME B36.10M
CHS 6 SCH ,,6,12.94694388,168.28,3.18,,CHS,ASME B36.10M
CHS 6 SCH 10,,6,13.82419872,168.28,3.4,10,CHS,ASME B36.10M
CHS 6 SCH ,,6,14.54017716,168.28,3.58,,CHS,ASME B36.10M
CHS 6 SCH ,,6,16.04643955,168.28,3.96,,CHS,ASME B36.10M
CHS 6 SCH ,,6,17.66363002,168.28,4.37,,CHS,ASME B36.10M
CHS 6 SCH ,,6,19.2725298,168.28,4.78,,CHS,ASME B36.10M
CHS 6 SCH ,,6,20.75630227,168.28,5.16,,CHS,ASME B36.10M
CHS 6 SCH ,,6,22.31047411,168.28,5.56,,CHS,ASME B36.10M
CHS 6 SCH ,,6,25.35678063,168.28,6.35,,CHS,ASME B36.10M
CHS 6 SCH 40,CHS 6 SCH STD,6,28.25835514,168.28,7.11,40(STD),CHS,ASME B36.10M
CHS 6 SCH ,,6,31.31946259,168.28,7.92,,CHS,ASME B36.10M
CHS 6 SCH ,,6,34.38540094,168.28,8.74,,CHS,ASME B36.10M
CHS 6 SCH ,,6,37.30780575,168.28,9.53,,CHS,ASME B36.10M
CHS 6 SCH 80,CHS 6 SCH XS,6,42.55553266,168.28,10.97,80(XS),CHS,ASME B36.10M
CHS 6 SCH ,,6,48.72485556,168.28,12.7,,CHS,ASME B36.10M
CHS 6 SCH 120,,6,54.19584178,168.28,14.27,120,CHS,ASME B36.10M
CHS 6 SCH ,,6,59.67996192,168.28,15.88,,CHS,ASME B36.10M
CHS 6 SCH 160,,6,67.55274583,168.28,18.26,160,CHS,ASME B36.10M
CHS 6 SCH 160,,6,70.10422479,168.28,19.05,160,CHS,ASME B36.10M
CHS 6 SCH XXS,,6,79.20652671,168.28,21.95,XXS,CHS,ASME B36.10M
CHS 6 SCH ,,6,80.06341239,168.28,22.23,,CHS,ASME B36.10M
CHS 8 SCH 5,,8,14.77574674,219.08,2.77,5,CHS,ASME B36.10M
CHS 8 SCH ,,8,16.93061892,219.08,3.18,,CHS,ASME B36.10M
CHS 8 SCH 10,,8,19.96481491,219.08,3.76,10,CHS,ASME B36.10M
CHS 8 SCH ,,8,21.00724243,219.08,3.96,,CHS,ASME B36.10M
CHS 8 SCH ,,8,25.26056964,219.08,4.78,,CHS,ASME B36.10M
CHS 8 SCH ,,8,27.22037875,219.08,5.16,,CHS,ASME B36.10M
CHS 8 SCH ,,8,29.27564179,219.08,5.56,,CHS,ASME B36.10M
CHS 8 SCH 20,,8,33.31160343,219.08,6.35,20,CHS,ASME B36.10M
CHS 8 SCH 30,,8,36.81150106,219.08,7.04,30,CHS,ASME B36.10M
CHS 8 SCH ,,8,41.24106835,219.08,7.92,,CHS,ASME B36.10M
CHS 8 SCH 40,CHS 8 SCH STD,8,42.54249492,219.08,8.18,40(STD),CHS,ASME B36.10M
CHS 8 SCH ,,8,45.33424366,219.08,8.74,,CHS,ASME B36.10M
CHS 8 SCH ,,8,49.24630359,219.08,9.53,,CHS,ASME B36.10M
CHS 8 SCH 60,,8,53.07864514,219.08,10.31,60,CHS,ASME B36.10M
CHS 8 SCH 80,CHS 8 SCH XS,8,64.63450116,219.08,12.7,80(XS),CHS,ASME B36.10M
CHS 8 SCH ,,8,72.07227034,219.08,14.27,,CHS,ASME B36.10M
CHS 8 SCH 100,,8,75.8620512,219.08,15.08,100,CHS,ASME B36.10M
CHS 8 SCH ,,8,79.57328256,219.08,15.88,,CHS,ASME B36.10M
CHS 8 SCH 120,,8,90.42755911,219.08,18.26,120,CHS,ASME B36.10M
CHS 8 SCH 140,,8,100.9147666,219.08,20.62,140,CHS,ASME B36.10M
CHS 8 SCH XXS,,8,107.9115558,219.08,22.23,XXS,CHS,ASME B36.10M
CHS 8 SCH 160,,8,111.2553335,219.08,23.01,160,CHS,ASME B36.10M
CHS 8 SCH ,,8,121.3141795,219.08,25.4,,CHS,ASME B36.10M
CHS 10 SCH 5,,10,22.6043424,273,3.4,5,CHS,ASME B36.10M
CHS 10 SCH ,,10,26.27272454,273,3.96,,CHS,ASME B36.10M
CHS 10 SCH 10,,10,27.77490077,273,4.19,10,CHS,ASME B36.10M
CHS 10 SCH ,,10,31.61637886,273,4.78,,CHS,ASME B36.10M
CHS 10 SCH ,,10,36.66859142,273,5.56,,CHS,ASME B36.10M
CHS 10 SCH 20,,10,41.75499015,273,6.35,20,CHS,ASME B36.10M
CHS 10 SCH 30,,10,51.0106896,273,7.8,30,CHS,ASME B36.10M
CHS 10 SCH 40,CHS 10 SCH STD,10,60.28820329,273,9.27,40(STD),CHS,ASME B36.10M
CHS 10 SCH 60,CHS 10 SCH XS,10,81.5212746,273,12.7,60(XS),CHS,ASME B36.10M
CHS 10 SCH 80,,10,95.97331445,273,15.09,80,CHS,ASME B36.10M
CHS 10 SCH 100,,10,114.7072822,273,18.26,100,CHS,ASME B36.10M
CHS 10 SCH 120,,10,132.8321233,273,21.41,120,CHS,ASME B36.10M
CHS 10 SCH 140,CHS 10 SCH XXS,10,155.0877264,273,25.4,140(XXS),CHS,ASME B36.10M
CHS 10 SCH 160,,10,172.263012,273,28.58,160,CHS,ASME B36.10M
CHS 12 SCH 5,,12,31.25305814,324,3.96,5,CHS,ASME B36.10M
CHS 12 SCH 10,,12,35.99854717,324,4.57,10,CHS,ASME B36.10M
CHS 12 SCH 20,,12,49.74113115,324,6.35,20,CHS,ASME B36.10M
CHS 12 SCH 30,,12,65.2231255,324,8.38,30,CHS,ASME B36.10M
CHS 12 SCH STD,,12,73.90353181,324,9.53,STD,CHS,ASME B36.10M
CHS 12 SCH 40,,12,79.75398857,324,10.31,40,CHS,ASME B36.10M
CHS 12 SCH XS,,12,97.4935566,324,12.7,XS,CHS,ASME B36.10M
CHS 12 SCH 60,,12,108.9934295,324,14.27,60,CHS,ASME B36.10M
CHS 12 SCH 80,,12,132.1275303,324,17.48,80,CHS,ASME B36.10M
CHS 12 SCH 100,,12,159.9666186,324,21.44,100,CHS,ASME B36.10M
CHS 12 SCH 120,CHS 12 SCH XXS,12,187.0322904,324,25.4,120(XXS),CHS,ASME B36.10M
CHS 12 SCH 140,,12,208.1411296,324,28.57,140,CHS,ASME B36.10M
CHS 12 SCH 160,,12,238.8433844,324,33.32,160,CHS,ASME B36.10M
CHS 14 SCH 5,,14,34.37797334,356,3.96,5,CHS,ASME B36.10M
CHS 14 SCH 10,,14,54.75204315,356,6.35,10,CHS,ASME B36.10M
CHS 14 SCH 20,,14,67.98253018,356,7.92,20,CHS,ASME B36.10M
CHS 14 SCH 30,CHS 14 SCH STD,14,81.42384541,356,9.53,30(STD),CHS,ASME B36.10M
CHS 14 SCH 40,,14,94.65502045,356,11.13,40,CHS,ASME B36.10M
CHS 14 SCH XS,,14,107.5153806,356,12.7,XS,CHS,ASME B36.10M
CHS 14 SCH 60,,14,126.8592247,356,15.09,60,CHS,ASME B36.10M
CHS 14 SCH 80,,14,158.2900124,356,19.05,80,CHS,ASME B36.10M
CHS 14 SCH 100,,14,195.1989697,356,23.83,100,CHS,ASME B36.10M
CHS 14 SCH 120,,14,224.9227725,356,27.79,120,CHS,ASME B36.10M
CHS 14 SCH 140,,14,253.8731588,356,31.75,140,CHS,ASME B36.10M
CHS 14 SCH 160,,14,282.0501285,356,35.71,160,CHS,ASME B36.10M
CHS 16 SCH 5,,16,41.51717897,406,4.19,5,CHS,ASME B36.10M
CHS 16 SCH 10,,16,62.58159315,406,6.35,10,CHS,ASME B36.10M
CHS 16 SCH 20,,16,77.74789018,406,7.92,20,CHS,ASME B36.10M
CHS 16 SCH 30,CHS 16 SCH STD,16,93.17433541,406,9.53,30(STD),CHS,ASME B36.10M
CHS 16 SCH 40,CHS 16 SCH XS,16,123.1744806,406,12.7,40(XS),CHS,ASME B36.10M
CHS 16 SCH 60,,16,159.9547325,406,16.66,60,CHS,ASME B36.10M
CHS 16 SCH 80,,16,203.3208714,406,21.44,80,CHS,ASME B36.10M
CHS 16 SCH 100,,16,245.2985414,406,26.19,100,CHS,ASME B36.10M
CHS 16 SCH 120,,16,286.3331389,406,30.96,120,CHS,ASME B36.10M
CHS 16 SCH 140,,16,332.8295862,406,36.53,140,CHS,ASME B36.10M
CHS 16 SCH 160,,16,364.9556675,406,40.49,160,CHS,ASME B36.10M
CHS 18 SCH 5,,18,46.78677437,457,4.19,5,CHS,ASME B36.10M
CHS 18 SCH 10,,18,70.56773415,457,6.35,10,CHS,ASME B36.10M
CHS 18 SCH 20,,18,87.70855738,457,7.92,20,CHS,ASME B36.10M
CHS 18 SCH STD,,18,105.1598352,457,9.53,STD,CHS,ASME B36.10M
CHS 18 SCH 30,,18,122.3760662,457,11.13,30,CHS,ASME B36.10M
CHS 18 SCH XS,,18,139.1467626,457,12.7,XS,CHS,ASME B36.10M
CHS 18 SCH 40,,18,155.7958901,457,14.27,40,CHS,ASME B36.10M
CHS 18 SCH 60,,18,205.7370854,457,19.05,60,CHS,ASME B36.10M
CHS 18 SCH 80,,18,254.5513975,457,23.83,80,CHS,ASME B36.10M
CHS 18 SCH 100,,18,309.6188865,457,29.36,100,CHS,ASME B36.10M
CHS 18 SCH 120,,18,363.5600398,457,34.93,120,CHS,ASME B36.10M
CHS 18 SCH 140,,18,408.2581639,457,39.67,140,CHS,ASME B36.10M
CHS 18 SCH 160,,18,459.3670324,457,45.24,160,CHS,ASME B36.10M
CHS 20 SCH 5,,20,59.31695686,508,4.78,5,CHS,ASME B36.10M
CHS 20 SCH 10,,20,78.55387515,508,6.35,10,CHS,ASME B36.10M
CHS 20 SCH 20,CHS 20 SCH STD,20,117.145335,508,9.53,20(STD),CHS,ASME B36.10M
CHS 20 SCH 30,CHS 20 SCH XS,20,155.1190446,508,12.7,30(XS),CHS,ASME B36.10M
CHS 20 SCH 40,,20,183.4213735,508,15.09,40,CHS,ASME B36.10M
CHS 20 SCH 60,,20,247.8274663,508,20.62,60,CHS,ASME B36.10M
CHS 20 SCH 80,,20,311.1747722,508,26.19,80,CHS,ASME B36.10M
CHS 20 SCH 100,,20,381.5264107,508,32.54,100,CHS,ASME B36.10M
CHS 20 SCH 120,,20,441.4926654,508,38.1,120,CHS,ASME B36.10M
CHS 20 SCH 140,,20,508.1143064,508,44.45,140,CHS,ASME B36.10M
CHS 20 SCH 160,,20,564.8146103,508,50.01,160,CHS,ASME B36.10M
CHS 22 SCH 5,,22,65.3049967,558.8,4.78,5,CHS,ASME B36.10M
CHS 22 SCH 10,,22,86.50869795,558.8,6.35,10,CHS,ASME B36.10M
CHS 22 SCH 20,CHS 22 SCH STD,22,129.0838328,558.8,9.53,20(STD),CHS,ASME B36.10M
CHS 22 SCH 30,CHS 22 SCH XS,22,171.0286902,558.8,12.7,30(XS),CHS,ASME B36.10M
CHS 22 SCH 40,,22,212.4779358,558.8,15.87,40,CHS,ASME B36.10M
CHS 22 SCH 60,,22,294.1432741,558.8,22.23,60,CHS,ASME B36.10M
CHS 22 SCH 80,,22,373.6899362,558.8,28.58,80,CHS,ASME B36.10M
CHS 22 SCH 100,,22,451.2478926,558.8,34.93,100,CHS,ASME B36.10M
CHS 22 SCH 120,,22,526.8171433,558.8,41.28,120,CHS,ASME B36.10M
CHS 22 SCH 140,,22,600.3976883,558.8,47.63,140,CHS,ASME B36.10M
CHS 22 SCH 160,,22,671.9895276,558.8,53.98,160,CHS,ASME B36.10M
CHS 24 SCH 5,,24,82.52450258,609.6,5.54,5,CHS,ASME B36.10M
CHS 24 SCH 10,,24,94.46352075,609.6,6.35,10,CHS,ASME B36.10M
CHS 24 SCH 20,CHS 24 SCH STD,24,141.0223307,609.6,9.53,20(STD),CHS,ASME B36.10M
CHS 24 SCH XS,,24,186.9383358,609.6,12.7,XS,CHS,ASME B36.10M
CHS 24 SCH 30,,24,209.4955554,609.6,14.27,30,CHS,ASME B36.10M
CHS 24 SCH 40,,24,255.2373524,609.6,17.48,40,CHS,ASME B36.10M
CHS 24 SCH 60,,24,355.0202522,609.6,24.61,60,CHS,ASME B36.10M
CHS 24 SCH 80,,24,441.7763639,609.6,30.96,80,CHS,ASME B36.10M
CHS 24 SCH 100,,24,547.3265275,609.6,38.89,100,CHS,ASME B36.10M
CHS 24 SCH 120,,24,639.5805665,609.6,46.02,120,CHS,ASME B36.10M
CHS 24 SCH 140,,24,719.6314516,609.6,52.37,140,CHS,ASME B36.10M
CHS 24 SCH 160,,24,807.6291154,609.6,59.54,160,CHS,ASME B36.10M
CHS 26 SCH 10,,26,127.4340419,660.4,7.92,10,CHS,ASME B36.10M
CHS 26 SCH STD,,26,152.9608285,660.4,9.53,STD,CHS,ASME B36.10M
CHS 26 SCH 20,CHS 26 SCH XS,26,202.8479814,660.4,12.7,20(XS),CHS,ASME B36.10M
CHS 28 SCH 10,,28,137.3556476,711.2,7.92,10,CHS,ASME B36.10M
CHS 28 SCH STD,,28,164.8993264,711.2,9.53,STD,CHS,ASME B36.10M
CHS 28 SCH 20,CHS 28 SCH XS,28,218.757627,711.2,12.7,20(XS),CHS,ASME B36.10M
CHS 28 SCH 30,,28,272.2878683,711.2,15.88,30,CHS,ASME B36.10M
CHS 30 SCH 5,,30,118.3279892,762,6.35,5,CHS,ASME B36.10M
CHS 30 SCH 10,,30,147.2772534,762,7.92,10,CHS,ASME B36.10M
CHS 30 SCH STD,,30,176.8378242,762,9.53,STD,CHS,ASME B36.10M
CHS 30 SCH 20,CHS 30 SCH XS,30,234.6672726,762,12.7,20(XS),CHS,ASME B36.10M
CHS 30 SCH 30,,30,292.1811889,762,15.88,30,CHS,ASME B36.10M
CHS 32 SCH 10,,32,157.1988591,812.8,7.92,10,CHS,ASME B36.10M
CHS 32 SCH STD,,32,188.776322,812.8,9.53,STD,CHS,ASME B36.10M
CHS 32 SCH 20,CHS 32 SCH XS,32,250.5769182,812.8,12.7,20(XS),CHS,ASME B36.10M
CHS 32 SCH 30,,32,312.0745095,812.8,15.88,30,CHS,ASME B36.10M
CHS 32 SCH 40,,32,342.8280942,812.8,17.48,40,CHS,ASME B36.10M
CHS 34 SCH 10,,34,167.1204649,863.6,7.92,10,CHS,ASME B36.10M
CHS 34 SCH STD,,34,200.7148199,863.6,9.53,STD,CHS,ASME B36.10M
CHS 34 SCH 20,CHS 34 SCH XS,34,266.4865638,863.6,12.7,20(XS),CHS,ASME B36.10M
CHS 34 SCH 30,,34,331.9678302,863.6,15.88,30,CHS,ASME B36.10M
CHS 34 SCH 40,,34,364.5214345,863.6,17.47,40,CHS,ASME B36.10M
CHS 36 SCH 10,,36,177.0420707,914.4,7.92,10,CHS,ASME B36.10M
CHS 36 SCH STD,,36,212.6533177,914.4,9.53,STD,CHS,ASME B36.10M
CHS 36 SCH 20,CHS 36 SCH XS,36,282.3962094,914.4,12.7,20(XS),CHS,ASME B36.10M
CHS 36 SCH 30,,36,351.8611508,914.4,15.88,30,CHS,ASME B36.10M
CHS 36 SCH 40,,36,420.6112556,914.4,19.05,40,CHS,ASME B36.10M
CHS 38 SCH STD,,38,224.5918156,965.2,9.53,STD,CHS,ASME B36.10M
CHS 38 SCH XS,,38,298.305855,965.2,12.7,XS,CHS,ASME B36.10M
CHS 40 SCH STD,,40,236.5303134,1016,9.53,STD,CHS,ASME B36.10M
CHS 40 SCH XS,,40,314.2155006,1016,12.7,XS,CHS,ASME B36.10M
CHS 42 SCH STD,,42,248.5158132,1067,9.53,STD,CHS,ASME B36.10M
CHS 42 SCH XS,,42,330.1877826,1067,12.7,XS,CHS,ASME B36.10M
CHS 44 SCH STD,,44,260.454311,1117.8,9.53,STD,CHS,ASME B36.10M
CHS 44 SCH XS,,44,346.0974282,1117.8,12.7,XS,CHS,ASME B36.10M
CHS 46 SCH STD,,46,272.3458069,1168.4,9.53,STD,CHS,ASME B36.10M
CHS 46 SCH XS,,46,361.9444374,1168.4,12.7,XS,CHS,ASME B36.10M
CHS 48 SCH STD,,48,284.2373028,1219,9.53,STD,CHS,ASME B36.10M
,,48,377.7914466,1219,12.7,XS,CHS,ASME B36.10M
,,0.5,1.077642,21.3,2.3,,CHS,EN 10210-2 HR
,,0.5,1.1989692,21.3,2.6,,CHS,EN 10210-2 HR
,,0.5,1.4283072,21.3,3.2,,CHS,EN 10210-2 HR
,,0.75,1.3952628,26.9,2.3,,CHS,EN 10210-2 HR
,,0.75,1.5580188,26.9,2.6,,CHS,EN 10210-2 HR
,,0.75,1.8702144,26.9,3.2,,CHS,EN 10210-2 HR
,,1,1.9940076,33.7,2.6,,CHS,EN 10210-2 HR
,,1,2.406816,33.7,3.2,,CHS,EN 10210-2 HR
,,1,2.929608,33.7,4,,CHS,EN 10210-2 HR
,,1.25,2.5518168,42.4,2.6,,CHS,EN 10210-2 HR
,,1.25,3.0933504,42.4,3.2,,CHS,EN 10210-2 HR
,,1.25,3.787776,42.4,4,,CHS,EN 10210-2 HR
,,1.5,2.9301012,48.3,2.6,,CHS,EN 10210-2 HR
,,1.5,3.5589312,48.3,3.2,,CHS,EN 10210-2 HR
,,1.5,4.369752,48.3,4,,CHS,EN 10210-2 HR
,,1.5,5.33889,48.3,5,,CHS,EN 10210-2 HR
,,2,3.6994932,60.3,2.6,,CHS,EN 10210-2 HR
,,2,4.5058752,60.3,3.2,,CHS,EN 10210-2 HR
,,2,5.553432,60.3,4,,CHS,EN 10210-2 HR
,,2,6.81849,60.3,5,,CHS,EN 10210-2 HR
,,0,4.712526,76.1,2.6,,CHS,EN 10210-2 HR
,,0,5.7526848,76.1,3.2,,CHS,EN 10210-2 HR
,,0,7.111944,76.1,4,,CHS,EN 10210-2 HR
,,0,8.76663,76.1,5,,CHS,EN 10210-2 HR
,,3,6.7627584,88.9,3.2,,CHS,EN 10210-2 HR
,,3,8.374536,88.9,4,,CHS,EN 10210-2 HR
,,3,10.34487,88.9,5,,CHS,EN 10210-2 HR
,,3,12.8325708,88.9,6.3,,CHS,EN 10210-2 HR
,,3.5,7.7649408,101.6,3.2,,CHS,EN 10210-2 HR
,,3.5,9.627264,101.6,4,,CHS,EN 10210-2 HR
,,3.5,11.91078,101.6,5,,CHS,EN 10210-2 HR
,,3.5,14.8056174,101.6,6.3,,CHS,EN 10210-2 HR
,,3.5,18.465408,101.6,8,,CHS,EN 10210-2 HR
,,3.5,22.58856,101.6,10,,CHS,EN 10210-2 HR
,,4,8.7671232,114.3,3.2,,CHS,EN 10210-2 HR
,,4,10.879992,114.3,4,,CHS,EN 10210-2 HR
,,4,13.47669,114.3,5,,CHS,EN 10210-2 HR
,,4,16.778664,114.3,6.3,,CHS,EN 10210-2 HR
,,4,20.970864,114.3,8,,CHS,EN 10210-2 HR
,,4,25.72038,114.3,10,,CHS,EN 10210-2 HR
,,0,13.385448,139.7,4,,CHS,EN 10210-2 HR
,,0,16.60851,139.7,5,,CHS,EN 10210-2 HR
,,0,20.7247572,139.7,6.3,,CHS,EN 10210-2 HR
,,0,25.981776,139.7,8,,CHS,EN 10210-2 HR
,,0,31.98402,139.7,10,,CHS,EN 10210-2 HR
,,0,39.2094,139.7,12.5,,CHS,EN 10210-2 HR
,,6,16.206552,168.3,4,,CHS,EN 10210-2 HR
,,6,20.13489,168.3,5,,CHS,EN 10210-2 HR
,,6,25.167996,168.3,6.3,,CHS,EN 10210-2 HR
,,6,31.623984,168.3,8,,CHS,EN 10210-2 HR
,,6,39.03678,168.3,10,,CHS,EN 10210-2 HR
,,6,48.02535,168.3,12.5,,CHS,EN 10210-2 HR
,,0,21.30624,177.8,5,,CHS,EN 10210-2 HR
,,0,26.643897,177.8,6.3,,CHS,EN 10210-2 HR
,,0,33.498144,177.8,8,,CHS,EN 10210-2 HR
,,0,41.37948,177.8,10,,CHS,EN 10210-2 HR
,,0,50.953725,177.8,12.5,,CHS,EN 10210-2 HR
,,0,23.26671,193.7,5,,CHS,EN 10210-2 HR
,,0,29.1140892,193.7,6.3,,CHS,EN 10210-2 HR
,,0,36.634896,193.7,8,,CHS,EN 10210-2 HR
,,0,45.30042,193.7,10,,CHS,EN 10210-2 HR
,,0,55.8549,193.7,12.5,,CHS,EN 10210-2 HR
,,0,62.855874,193.7,14.2,,CHS,EN 10210-2 HR
,,0,70.113312,193.7,16,,CHS,EN 10210-2 HR
,,8,26.39853,219.1,5,,CHS,EN 10210-2 HR
,,8,33.0601824,219.1,6.3,,CHS,EN 10210-2 HR
,,8,41.645808,219.1,8,,CHS,EN 10210-2 HR
,,8,51.56406,219.1,10,,CHS,EN 10210-2 HR
,,8,63.68445,219.1,12.5,,CHS,EN 10210-2 HR
,,8,71.7502428,219.1,14.2,,CHS,EN 10210-2 HR
,,8,80.135136,219.1,16,,CHS,EN 10210-2 HR
,,8,98.19612,219.1,20,,CHS,EN 10210-2 HR
,,0,29.53035,244.5,5,,CHS,EN 10210-2 HR
,,0,37.0062756,244.5,6.3,,CHS,EN 10210-2 HR
,,0,46.65672,244.5,8,,CHS,EN 10210-2 HR
,,0,57.8277,244.5,10,,CHS,EN 10210-2 HR
,,0,71.514,244.5,12.5,,CHS,EN 10210-2 HR
,,0,80.6446116,244.5,14.2,,CHS,EN 10210-2 HR
,,0,90.15696,244.5,16,,CHS,EN 10210-2 HR
,,0,110.7234,244.5,20,,CHS,EN 10210-2 HR
,,0,135.32175,244.5,25,,CHS,EN 10210-2 HR
,,10,33.0444,273,5,,CHS,EN 10210-2 HR
,,10,41.4339786,273,6.3,,CHS,EN 10210-2 HR
,,10,52.2792,273,8,,CHS,EN 10210-2 HR
,,10,64.8558,273,10,,CHS,EN 10210-2 HR
,,10,80.299125,273,12.5,,CHS,EN 10210-2 HR
,,10,90.6245136,273,14.2,,CHS,EN 10210-2 HR
,,10,101.40192,273,16,,CHS,EN 10210-2 HR
,,10,124.7796,273,20,,CHS,EN 10210-2 HR
,,10,152.892,273,25,,CHS,EN 10210-2 HR
,,12,39.32037,323.9,5,,CHS,EN 10210-2 HR
,,12,49.3417008,323.9,6.3,,CHS,EN 10210-2 HR
,,12,62.320752,323.9,8,,CHS,EN 10210-2 HR
,,12,77.40774,323.9,10,,CHS,EN 10210-2 HR
,,12,95.98905,323.9,12.5,,CHS,EN 10210-2 HR
,,12,108.4482684,323.9,14.2,,CHS,EN 10210-2 HR
,,12,121.485024,323.9,16,,CHS,EN 10210-2 HR
,,12,149.88348,323.9,20,,CHS,EN 10210-2 HR
,,12,184.27185,323.9,25,,CHS,EN 10210-2 HR
,,0,54.2665494,355.6,6.3,,CHS,EN 10210-2 HR
,,0,68.574528,355.6,8,,CHS,EN 10210-2 HR
,,0,85.22496,355.6,10,,CHS,EN 10210-2 HR
,,0,105.760575,355.6,12.5,,CHS,EN 10210-2 HR
,,0,119.5487208,355.6,14.2,,CHS,EN 10210-2 HR
,,0,133.992576,355.6,16,,CHS,EN 10210-2 HR
,,0,165.51792,355.6,20,,CHS,EN 10210-2 HR
,,0,203.8149,355.6,25,,CHS,EN 10210-2 HR
,,16,62.1587358,406.4,6.3,,CHS,EN 10210-2 HR
,,16,78.596352,406.4,8,,CHS,EN 10210-2 HR
,,16,97.75224,406.4,10,,CHS,EN 10210-2 HR
,,16,121.419675,406.4,12.5,,CHS,EN 10210-2 HR
,,16,137.3374584,406.4,14.2,,CHS,EN 10210-2 HR
,,16,154.036224,406.4,16,,CHS,EN 10210-2 HR
,,16,190.57248,406.4,20,,CHS,EN 10210-2 HR
,,16,235.1331,406.4,25,,CHS,EN 10210-2 HR
,,16,278.46072,406.4,30,,CHS,EN 10210-2 HR
,,16,361.41696,406.4,40,,CHS,EN 10210-2 HR
,,0,70.0198506,457,6.3,,CHS,EN 10210-2 HR
,,0,88.57872,457,8,,CHS,EN 10210-2 HR
,,0,110.2302,457,10,,CHS,EN 10210-2 HR
,,0,137.017125,457,12.5,,CHS,EN 10210-2 HR
,,0,155.0561616,457,14.2,,CHS,EN 10210-2 HR
,,0,174.00096,457,16,,CHS,EN 10210-2 HR
,,0,215.5284,457,20,,CHS,EN 10210-2 HR
,,0,266.328,457,25,,CHS,EN 10210-2 HR
,,0,315.8946,457,30,,CHS,EN 10210-2 HR
,,0,411.3288,457,40,,CHS,EN 10210-2 HR
,,20,77.9431086,508,6.3,,CHS,EN 10210-2 HR
,,20,98.64,508,8,,CHS,EN 10210-2 HR
,,20,122.8068,508,10,,CHS,EN 10210-2 HR
,,20,152.737875,508,12.5,,CHS,EN 10210-2 HR
,,20,172.9149336,508,14.2,,CHS,EN 10210-2 HR
,,20,194.12352,508,16,,CHS,EN 10210-2 HR
,,20,240.6816,508,20,,CHS,EN 10210-2 HR
,,20,297.7695,508,25,,CHS,EN 10210-2 HR
,,20,353.6244,508,30,,CHS,EN 10210-2 HR
,,20,461.6352,508,40,,CHS,EN 10210-2 HR
,,20,564.714,508,50,,CHS,EN 10210-2 HR
,,24,93.7896246,610,6.3,,CHS,EN 10210-2 HR
,,24,118.76256,610,8,,CHS,EN 10210-2 HR
,,24,147.96,610,10,,CHS,EN 10210-2 HR
,,24,184.179375,610,12.5,,CHS,EN 10210-2 HR
,,24,208.6324776,610,14.2,,CHS,EN 10210-2 HR
,,24,234.36864,610,16,,CHS,EN 10210-2 HR
,,24,290.988,610,20,,CHS,EN 10210-2 HR
,,24,360.6525,610,25,,CHS,EN 10210-2 HR
,,24,429.084,610,30,,CHS,EN 10210-2 HR
,,24,562.248,610,40,,CHS,EN 10210-2 HR
,,24,690.48,610,50,,CHS,EN 10210-2 HR
,,28,109.4807826,711,6.3,,CHS,EN 10210-2 HR
,,28,138.68784,711,8,,CHS,EN 10210-2 HR
,,28,172.8666,711,10,,CHS,EN 10210-2 HR
,,28,215.312625,711,12.5,,CHS,EN 10210-2 HR
,,28,243.9998496,711,14.2,,CHS,EN 10210-2 HR
,,28,274.2192,711,16,,CHS,EN 10210-2 HR
,,28,340.8012,711,20,,CHS,EN 10210-2 HR
,,28,422.919,711,25,,CHS,EN 10210-2 HR
,,28,503.8038,711,30,,CHS,EN 10210-2 HR
,,28,661.8744,711,40,,CHS,EN 10210-2 HR
,,28,815.013,711,50,,CHS,EN 10210-2 HR
,,28,963.2196,711,60,,CHS,EN 10210-2 HR
,,30,117.4040406,762,6.3,,CHS,EN 10210-2 HR
,,30,148.74912,762,8,,CHS,EN 10210-2 HR
,,30,185.4432,762,10,,CHS,EN 10210-2 HR
,,30,231.033375,762,12.5,,CHS,EN 10210-2 HR
,,30,261.8586216,762,14.2,,CHS,EN 10210-2 HR
,,30,294.34176,762,16,,CHS,EN 10210-2 HR
,,30,365.9544,762,20,,CHS,EN 10210-2 HR
,,30,454.3605,762,25,,CHS,EN 10210-2 HR
,,30,541.5336,762,30,,CHS,EN 10210-2 HR
,,30,712.1808,762,40,,CHS,EN 10210-2 HR
,,30,877.896,762,50,,CHS,EN 10210-2 HR
,,32,158.8104,813,8,,CHS,EN 10210-2 HR
,,32,198.0198,813,10,,CHS,EN 10210-2 HR
,,32,246.754125,813,12.5,,CHS,EN 10210-2 HR
,,32,279.7173936,813,14.2,,CHS,EN 10210-2 HR
,,32,314.46432,813,16,,CHS,EN 10210-2 HR
,,32,391.1076,813,20,,CHS,EN 10210-2 HR
,,32,485.802,813,25,,CHS,EN 10210-2 HR
,,32,579.2634,813,30,,CHS,EN 10210-2 HR
,,36,178.73568,914,8,,CHS,EN 10210-2 HR
,,36,222.9264,914,10,,CHS,EN 10210-2 HR
,,36,277.887375,914,12.5,,CHS,EN 10210-2 HR
,,36,315.0847656,914,14.2,,CHS,EN 10210-2 HR
,,36,354.31488,914,16,,CHS,EN 10210-2 HR
,,36,440.9208,914,20,,CHS,EN 10210-2 HR
,,36,548.0685,914,25,,CHS,EN 10210-2 HR
,,36,653.9832,914,30,,CHS,EN 10210-2 HR
,,40,198.85824,1016,8,,CHS,EN 10210-2 HR
,,40,248.0796,1016,10,,CHS,EN 10210-2 HR
,,40,309.328875,1016,12.5,,CHS,EN 10210-2 HR
,,40,350.8023096,1016,14.2,,CHS,EN 10210-2 HR
,,40,394.56,1016,16,,CHS,EN 10210-2 HR
,,40,491.2272,1016,20,,CHS,EN 10210-2 HR
,,40,610.9515,1016,25,,CHS,EN 10210-2 HR
,,40,729.4428,1016,30,,CHS,EN 10210-2 HR
,,42,260.6562,1067,10,,CHS,EN 10210-2 HR
,,42,325.049625,1067,12.5,,CHS,EN 10210-2 HR
,,42,368.6610816,1067,14.2,,CHS,EN 10210-2 HR
,,42,414.68256,1067,16,,CHS,EN 10210-2 HR
,,42,516.3804,1067,20,,CHS,EN 10210-2 HR
,,42,642.393,1067,25,,CHS,EN 10210-2 HR
,,42,767.1726,1067,30,,CHS,EN 10210-2 HR
,,46,285.5628,1168,10,,CHS,EN 10210-2 HR
,,46,356.182875,1168,12.5,,CHS,EN 10210-2 HR
,,46,404.0284536,1168,14.2,,CHS,EN 10210-2 HR
,,46,454.53312,1168,16,,CHS,EN 10210-2 HR
,,46,566.1936,1168,20,,CHS,EN 10210-2 HR
,,46,704.6595,1168,25,,CHS,EN 10210-2 HR
,,48,298.1394,1219,10,,CHS,EN 10210-2 HR
,,48,371.903625,1219,12.5,,CHS,EN 10210-2 HR
,,48,421.8872256,1219,14.2,,CHS,EN 10210-2 HR
,,48,474.65568,1219,16,,CHS,EN 10210-2 HR
,,48,591.3468,1219,20,,CHS,EN 10210-2 HR
,,48,736.101,1219,25,,CHS,EN 10210-2 HR
CHS 0.125 SCH 40,,0.125,0.3689136,10.5,1.7,40,CHS,KS 3562 SMLS
CHS 0.125 SCH 60,,0.125,0.4502916,10.5,2.2,60,CHS,KS 3562 SMLS
CHS 0.125 SCH 80,,0.125,0.4793904,10.5,2.4,80,CHS,KS 3562 SMLS
CHS 0.25 SCH 40,,0.25,0.6293232,13.8,2.2,40,CHS,KS 3562 SMLS
CHS 0.25 SCH 60,,0.25,0.6746976,13.8,2.4,60,CHS,KS 3562 SMLS
CHS 0.25 SCH 80,,0.25,0.8364672,13.8,3.2,80,CHS,KS 3562 SMLS
CHS 0.375 SCH 40,,0.375,0.85077,17.3,2.3,40,CHS,KS 3562 SMLS
CHS 0.375 SCH 60,,0.375,1.001196,17.3,2.8,60,CHS,KS 3562 SMLS
CHS 0.375 SCH 80,,0.375,1.1126592,17.3,3.2,80,CHS,KS 3562 SMLS
CHS 0.5 SCH 40,,0.5,1.3050072,21.7,2.8,40,CHS,KS 3562 SMLS
CHS 0.5 SCH 60,,0.5,1.459872,21.7,3.2,60,CHS,KS 3562 SMLS
CHS 0.5 SCH 80,,0.5,1.642356,21.7,3.7,80,CHS,KS 3562 SMLS
CHS 0.75 SCH 40,,0.75,1.7377902,27.2,2.9,40,CHS,KS 3562 SMLS
CHS 0.75 SCH 60,,0.75,1.9954872,27.2,3.4,60,CHS,KS 3562 SMLS
CHS 0.75 SCH 80,,0.75,2.2408542,27.2,3.9,80,CHS,KS 3562 SMLS
CHS 1 SCH 40,,1,2.5656264,34,3.4,40,CHS,KS 3562 SMLS
CHS 1 SCH 60,,1,2.8948374,34,3.9,60,CHS,KS 3562 SMLS
CHS 1 SCH 80,,1,3.273615,34,4.5,80,CHS,KS 3562 SMLS
CHS 1.25 SCH 40,,1.25,3.4711416,42.7,3.6,40,CHS,KS 3562 SMLS
CHS 1.25 SCH 60,,1.25,4.239054,42.7,4.5,60,CHS,KS 3562 SMLS
CHS 1.25 SCH 80,,1.25,4.5675252,42.7,4.9,80,CHS,KS 3562 SMLS
CHS 1.5 SCH 40,,1.5,3.99492,48.6,3.6,40,CHS,KS 3562 SMLS
CHS 1.5 SCH 60,,1.5,4.893777,48.6,4.5,60,CHS,KS 3562 SMLS
CHS 1.5 SCH 80,,1.5,5.2804458,48.6,4.9,80,CHS,KS 3562 SMLS
CHS 2 SCH 40,,2,5.1825456,60.5,3.7,40,CHS,KS 3562 SMLS
CHS 2 SCH 60,,2,6.21432,60.5,4.5,60,CHS,KS 3562 SMLS
CHS 2 SCH 80,,2,6.9674364,60.5,5.1,80,CHS,KS 3562 SMLS
CHS 2.5 SCH 20,,2.5,5.7684672,76.3,3.2,20,CHS,KS 3562 SMLS
CHS 2.5 SCH 40,,2.5,6.9629976,76.3,3.9,40,CHS,KS 3562 SMLS
CHS 2.5 SCH 60,,2.5,8.6275476,76.3,4.9,60,CHS,KS 3562 SMLS
CHS 2.5 SCH 80,,2.5,9.602604,76.3,5.5,80,CHS,KS 3562 SMLS
CHS 3 SCH 20,,3,9.388062,89.1,4.5,20,CHS,KS 3562 SMLS
CHS 3 SCH 40,,3,10.7586648,89.1,5.2,40,CHS,KS 3562 SMLS
CHS 3 SCH 60,,3,12.295476,89.1,6,60,CHS,KS 3562 SMLS
CHS 3 SCH 80,,3,14.172102,89.1,7,80,CHS,KS 3562 SMLS
CHS 3.5 SCH 20,,3.5,10.775187,101.6,4.5,20,CHS,KS 3562 SMLS
CHS 3.5 SCH 40,,3.5,13.4798958,101.6,5.7,40,CHS,KS 3562 SMLS
CHS 3.5 SCH 60,,3.5,16.329852,101.6,7,60,CHS,KS 3562 SMLS
CHS 3.5 SCH 80,,3.5,18.676251,101.6,8.1,80,CHS,KS 3562 SMLS
CHS 4 SCH 20,,4,13.2192396,114.3,4.9,20,CHS,KS 3562 SMLS
CHS 4 SCH 40,,4,16.024068,114.3,6,40,CHS,KS 3562 SMLS
CHS 4 SCH 60,,4,18.7692192,114.3,7.1,60,CHS,KS 3562 SMLS
CHS 4 SCH 80,,4,22.4164332,114.3,8.6,80,CHS,KS 3562 SMLS
CHS 5 SCH 20,,5,16.9406802,139.8,5.1,20,CHS,KS 3562 SMLS
CHS 5 SCH 40,,5,21.6790992,139.8,6.6,40,CHS,KS 3562 SMLS
CHS 5 SCH 60,,5,26.3065482,139.8,8.1,60,CHS,KS 3562 SMLS
CHS 5 SCH 80,,5,30.525381,139.8,9.5,80,CHS,KS 3562 SMLS
CHS 6 SCH 20,,6,21.660111,165.2,5.5,20,CHS,KS 3562 SMLS
CHS 6 SCH 40,,6,27.6810966,165.2,7.1,40,CHS,KS 3562 SMLS
CHS 6 SCH 60,,6,35.7537942,165.2,9.3,60,CHS,KS 3562 SMLS
CHS 6 SCH 80,,6,41.828292,165.2,11,80,CHS,KS 3562 SMLS
CHS 8 SCH 20,,8,33.1272576,216.3,6.4,20,CHS,KS 3562 SMLS
CHS 8 SCH 30,,8,36.129366,216.3,7,30,CHS,KS 3562 SMLS
CHS 8 SCH 40,,8,42.0803172,216.3,8.2,40,CHS,KS 3562 SMLS
CHS 8 SCH 60,,8,52.323588,216.3,10.3,60,CHS,KS 3562 SMLS
CHS 8 SCH 80,,8,63.7638552,216.3,12.7,80,CHS,KS 3562 SMLS
CHS 10 SCH 20,,10,41.192064,267.4,6.4,20,CHS,KS 3562 SMLS
CHS 10 SCH 30,,10,49.9335408,267.4,7.8,30,CHS,KS 3562 SMLS
CHS 10 SCH 40,,10,59.1921378,267.4,9.3,40,CHS,KS 3562 SMLS
CHS 10 SCH 60,,10,79.7674554,267.4,12.7,60,CHS,KS 3562 SMLS
CHS 10 SCH 80,,10,93.9479418,267.4,15.1,80,CHS,KS 3562 SMLS
CHS 12 SCH 20,,12,49.2568704,318.5,6.4,20,CHS,KS 3562 SMLS
CHS 12 SCH 30,,12,64.2353544,318.5,8.4,30,CHS,KS 3562 SMLS
CHS 12 SCH 40,,12,78.2821836,318.5,10.3,40,CHS,KS 3562 SMLS
CHS 12 SCH 60,,12,107.2724796,318.5,14.3,60,CHS,KS 3562 SMLS
CHS 12 SCH 80,,12,129.1971924,318.5,17.4,80,CHS,KS 3562 SMLS
CHS 14 SCH 10,,14,55.1121408,355.6,6.4,10,CHS,KS 3562 SMLS
CHS 14 SCH 20,,14,67.7368278,355.6,7.9,20,CHS,KS 3562 SMLS
CHS 14 SCH 30,,14,81.080847,355.6,9.5,30,CHS,KS 3562 SMLS
CHS 14 SCH 40,,14,94.298607,355.6,11.1,40,CHS,KS 3562 SMLS
CHS 14 SCH 60,,14,126.790623,355.6,15.1,60,CHS,KS 3562 SMLS
CHS 14 SCH 80,,14,157.710564,355.6,19,80,CHS,KS 3562 SMLS
CHS 16 SCH 10,,16,63.1296,406.4,6.4,10,CHS,KS 3562 SMLS
CHS 16 SCH 20,,16,77.633379,406.4,7.9,20,CHS,KS 3562 SMLS
CHS 16 SCH 30,,16,92.981763,406.4,9.5,30,CHS,KS 3562 SMLS
CHS 16 SCH 40,,16,123.2997534,406.4,12.7,40,CHS,KS 3562 SMLS
CHS 16 SCH 60,,16,160.4870334,406.4,16.7,60,CHS,KS 3562 SMLS
CHS 16 SCH 80,,16,203.17374,406.4,21.4,80,CHS,KS 3562 SMLS
CHS 18 SCH 10,,18,71.1470592,457.2,6.4,10,CHS,KS 3562 SMLS
CHS 18 SCH 20,,18,87.5299302,457.2,7.9,20,CHS,KS 3562 SMLS
CHS 18 SCH 30,,18,122.1091686,457.2,11.1,30,CHS,KS 3562 SMLS
CHS 18 SCH 40,,18,156.1833702,457.2,14.3,40,CHS,KS 3562 SMLS
CHS 18 SCH 60,,18,205.314228,457.2,19,60,CHS,KS 3562 SMLS
CHS 18 SCH 80,,18,254.3659272,457.2,23.8,80,CHS,KS 3562 SMLS
CHS 20 SCH 10,,20,79.1645184,508,6.4,10,CHS,KS 3562 SMLS
CHS 20 SCH 20,,20,116.783595,508,9.5,20,CHS,KS 3562 SMLS
CHS 20 SCH 30,,20,155.1190446,508,12.7,30,CHS,KS 3562 SMLS
CHS 20 SCH 40,,20,183.5392014,508,15.1,40,CHS,KS 3562 SMLS
CHS 20 SCH 60,,20,247.5972504,508,20.6,60,CHS,KS 3562 SMLS
CHS 20 SCH 80,,20,311.2871256,508,26.2,80,CHS,KS 3562 SMLS
CHS 22 SCH 10,,22,87.1819776,558.8,6.4,10,CHS,KS 3562 SMLS
CHS 22 SCH 20,,22,128.684511,558.8,9.5,20,CHS,KS 3562 SMLS
CHS 22 SCH 30,,22,171.0286902,558.8,12.7,30,CHS,KS 3562 SMLS
CHS 22 SCH 40,,22,212.8678326,558.8,15.9,40,CHS,KS 3562 SMLS
CHS 24 SCH 10,,24,95.1994368,609.6,6.4,10,CHS,KS 3562 SMLS
CHS 24 SCH 20,,24,140.585427,609.6,9.5,20,CHS,KS 3562 SMLS
CHS 24 SCH 30,,24,209.9254014,609.6,14.3,30,CHS,KS 3562 SMLS
CHS 26 SCH 10,,26,127.116135,660.4,7.9,10,CHS,KS 3562 SMLS
CHS 26 SCH 20,,26,202.8479814,660.4,12.7,20,CHS,KS 3562 SMLS
,,0.5,0.951876,21.3,2,,CHS,EN 10219-2 CR
,,0.5,1.15902,21.3,2.5,,CHS,EN 10219-2 CR
,,0.5,1.353834,21.3,3,,CHS,EN 10219-2 CR
,,0.75,1.228068,26.9,2,,CHS,EN 10219-2 CR
,,0.75,1.50426,26.9,2.5,,CHS,EN 10219-2 CR
,,0.75,1.768122,26.9,3,,CHS,EN 10219-2 CR
,,1,1.563444,33.7,2,,CHS,EN 10219-2 CR
,,1,1.92348,33.7,2.5,,CHS,EN 10219-2 CR
,,1,2.271186,33.7,3,,CHS,EN 10219-2 CR
,,1.25,1.992528,42.4,2,,CHS,EN 10219-2 CR
,,1.25,2.459835,42.4,2.5,,CHS,EN 10219-2 CR
,,1.25,2.914812,42.4,3,,CHS,EN 10219-2 CR
,,1.25,3.787776,42.4,4,,CHS,EN 10219-2 CR
,,1.5,2.283516,48.3,2,,CHS,EN 10219-2 CR
,,1.5,2.82357,48.3,2.5,,CHS,EN 10219-2 CR
,,1.5,3.351294,48.3,3,,CHS,EN 10219-2 CR
,,1.5,4.369752,48.3,4,,CHS,EN 10219-2 CR
,,1.5,5.33889,48.3,5,,CHS,EN 10219-2 CR
,,2,2.875356,60.3,2,,CHS,EN 10219-2 CR
,,2,3.56337,60.3,2.5,,CHS,EN 10219-2 CR
,,2,4.239054,60.3,3,,CHS,EN 10219-2 CR
,,2,5.553432,60.3,4,,CHS,EN 10219-2 CR
,,2,6.81849,60.3,5,,CHS,EN 10219-2 CR
,,0,3.654612,76.1,2,,CHS,EN 10219-2 CR
,,0,4.53744,76.1,2.5,,CHS,EN 10219-2 CR
,,0,5.407938,76.1,3,,CHS,EN 10219-2 CR
,,0,7.111944,76.1,4,,CHS,EN 10219-2 CR
,,0,8.76663,76.1,5,,CHS,EN 10219-2 CR
,,0,10.371996,76.1,6,,CHS,EN 10219-2 CR
,,0,10.8439884,76.1,6.3,,CHS,EN 10219-2 CR
,,3,4.285908,88.9,2,,CHS,EN 10219-2 CR
,,3,5.32656,88.9,2.5,,CHS,EN 10219-2 CR
,,3,6.354882,88.9,3,,CHS,EN 10219-2 CR
,,3,8.374536,88.9,4,,CHS,EN 10219-2 CR
,,3,10.34487,88.9,5,,CHS,EN 10219-2 CR
,,3,12.265884,88.9,6,,CHS,EN 10219-2 CR
,,3,12.8325708,88.9,6.3,,CHS,EN 10219-2 CR
,,3.5,4.912272,101.6,2,,CHS,EN 10219-2 CR
,,3.5,6.109515,101.6,2.5,,CHS,EN 10219-2 CR
,,3.5,7.294428,101.6,3,,CHS,EN 10219-2 CR
,,3.5,9.627264,101.6,4,,CHS,EN 10219-2 CR
,,3.5,11.91078,101.6,5,,CHS,EN 10219-2 CR
,,3.5,14.144976,101.6,6,,CHS,EN 10219-2 CR
,,3.5,14.8056174,101.6,6.3,,CHS,EN 10219-2 CR
,,4,6.89247,114.3,2.5,,CHS,EN 10219-2 CR
,,4,8.233974,114.3,3,,CHS,EN 10219-2 CR
,,4,10.879992,114.3,4,,CHS,EN 10219-2 CR
,,4,13.47669,114.3,5,,CHS,EN 10219-2 CR
,,4,16.024068,114.3,6,,CHS,EN 10219-2 CR
,,4,16.778664,114.3,6.3,,CHS,EN 10219-2 CR
,,4,20.970864,114.3,8,,CHS,EN 10219-2 CR
,,0,10.113066,139.7,3,,CHS,EN 10219-2 CR
,,0,13.385448,139.7,4,,CHS,EN 10219-2 CR
,,0,16.60851,139.7,5,,CHS,EN 10219-2 CR
,,0,19.782252,139.7,6,,CHS,EN 10219-2 CR
,,0,20.7247572,139.7,6.3,,CHS,EN 10219-2 CR
,,0,25.981776,139.7,8,,CHS,EN 10219-2 CR
,,0,31.98402,139.7,10,,CHS,EN 10219-2 CR
,,6,12.228894,168.3,3,,CHS,EN 10219-2 CR
,,6,16.206552,168.3,4,,CHS,EN 10219-2 CR
,,6,20.13489,168.3,5,,CHS,EN 10219-2 CR
,,6,24.013908,168.3,6,,CHS,EN 10219-2 CR
,,6,25.167996,168.3,6.3,,CHS,EN 10219-2 CR
,,6,31.623984,168.3,8,,CHS,EN 10219-2 CR
,,6,39.03678,168.3,10,,CHS,EN 10219-2 CR
,,0,17.143632,177.8,4,,CHS,EN 10219-2 CR
,,0,21.30624,177.8,5,,CHS,EN 10219-2 CR
,,0,25.419528,177.8,6,,CHS,EN 10219-2 CR
,,0,26.643897,177.8,6.3,,CHS,EN 10219-2 CR
,,0,33.498144,177.8,8,,CHS,EN 10219-2 CR
,,0,41.37948,177.8,10,,CHS,EN 10219-2 CR
,,0,49.063536,177.8,12,,CHS,EN 10219-2 CR
,,0,50.953725,177.8,12.5,,CHS,EN 10219-2 CR
,,0,18.712008,193.7,4,,CHS,EN 10219-2 CR
,,0,23.26671,193.7,5,,CHS,EN 10219-2 CR
,,0,27.772092,193.7,6,,CHS,EN 10219-2 CR
,,0,29.1140892,193.7,6.3,,CHS,EN 10219-2 CR
,,0,36.634896,193.7,8,,CHS,EN 10219-2 CR
,,0,45.30042,193.7,10,,CHS,EN 10219-2 CR
,,0,53.768664,193.7,12,,CHS,EN 10219-2 CR
,,0,55.8549,193.7,12.5,,CHS,EN 10219-2 CR
,,8,21.217464,219.1,4,,CHS,EN 10219-2 CR
,,8,26.39853,219.1,5,,CHS,EN 10219-2 CR
,,8,31.530276,219.1,6,,CHS,EN 10219-2 CR
,,8,33.0601824,219.1,6.3,,CHS,EN 10219-2 CR
,,8,41.645808,219.1,8,,CHS,EN 10219-2 CR
,,8,51.56406,219.1,10,,CHS,EN 10219-2 CR
,,8,61.285032,219.1,12,,CHS,EN 10219-2 CR
,,8,63.68445,219.1,12.5,,CHS,EN 10219-2 CR
,,0,29.53035,244.5,5,,CHS,EN 10219-2 CR
,,0,35.28846,244.5,6,,CHS,EN 10219-2 CR
,,0,37.0062756,244.5,6.3,,CHS,EN 10219-2 CR
,,0,46.65672,244.5,8,,CHS,EN 10219-2 CR
,,0,57.8277,244.5,10,,CHS,EN 10219-2 CR
,,0,68.8014,244.5,12,,CHS,EN 10219-2 CR
,,0,71.514,244.5,12.5,,CHS,EN 10219-2 CR
,,10,33.0444,273,5,,CHS,EN 10219-2 CR
,,10,39.50532,273,6,,CHS,EN 10219-2 CR
,,10,41.4339786,273,6.3,,CHS,EN 10219-2 CR
,,10,52.2792,273,8,,CHS,EN 10219-2 CR
,,10,64.8558,273,10,,CHS,EN 10219-2 CR
,,10,77.23512,273,12,,CHS,EN 10219-2 CR
,,10,80.299125,273,12.5,,CHS,EN 10219-2 CR
,,12,39.32037,323.9,5,,CHS,EN 10219-2 CR
,,12,47.036484,323.9,6,,CHS,EN 10219-2 CR
,,12,49.3417008,323.9,6.3,,CHS,EN 10219-2 CR
,,12,62.320752,323.9,8,,CHS,EN 10219-2 CR
,,12,77.40774,323.9,10,,CHS,EN 10219-2 CR
,,12,92.297448,323.9,12,,CHS,EN 10219-2 CR
,,12,95.98905,323.9,12.5,,CHS,EN 10219-2 CR
,,0,43.22898,355.6,5,,CHS,EN 10219-2 CR
,,0,51.726816,355.6,6,,CHS,EN 10219-2 CR
,,0,54.2665494,355.6,6.3,,CHS,EN 10219-2 CR
,,0,68.574528,355.6,8,,CHS,EN 10219-2 CR
,,0,85.22496,355.6,10,,CHS,EN 10219-2 CR
,,0,101.678112,355.6,12,,CHS,EN 10219-2 CR
,,0,105.760575,355.6,12.5,,CHS,EN 10219-2 CR
,,0,133.992576,355.6,16,,CHS,EN 10219-2 CR
,,0,165.51792,355.6,20,,CHS,EN 10219-2 CR
,,16,59.243184,406.4,6,,CHS,EN 10219-2 CR
,,16,62.1587358,406.4,6.3,,CHS,EN 10219-2 CR
,,16,78.596352,406.4,8,,CHS,EN 10219-2 CR
,,16,97.75224,406.4,10,,CHS,EN 10219-2 CR
,,16,116.710848,406.4,12,,CHS,EN 10219-2 CR
,,16,121.419675,406.4,12.5,,CHS,EN 10219-2 CR
,,16,154.036224,406.4,16,,CHS,EN 10219-2 CR
,,16,190.57248,406.4,20,,CHS,EN 10219-2 CR
,,16,235.1331,406.4,25,,CHS,EN 10219-2 CR
,,0,66.72996,457,6,,CHS,EN 10219-2 CR
,,0,70.0198506,457,6.3,,CHS,EN 10219-2 CR
,,0,88.57872,457,8,,CHS,EN 10219-2 CR
,,0,110.2302,457,10,,CHS,EN 10219-2 CR
,,0,131.6844,457,12,,CHS,EN 10219-2 CR
,,0,137.017125,457,12.5,,CHS,EN 10219-2 CR
,,0,174.00096,457,16,,CHS,EN 10219-2 CR
,,0,215.5284,457,20,,CHS,EN 10219-2 CR
,,0,266.328,457,25,,CHS,EN 10219-2 CR
,,0,315.8946,457,30,,CHS,EN 10219-2 CR
,,20,74.27592,508,6,,CHS,EN 10219-2 CR
,,20,77.9431086,508,6.3,,CHS,EN 10219-2 CR
,,20,98.64,508,8,,CHS,EN 10219-2 CR
,,20,122.8068,508,10,,CHS,EN 10219-2 CR
,,20,146.77632,508,12,,CHS,EN 10219-2 CR
,,20,152.737875,508,12.5,,CHS,EN 10219-2 CR
,,20,194.12352,508,16,,CHS,EN 10219-2 CR
,,20,240.6816,508,20,,CHS,EN 10219-2 CR
,,20,297.7695,508,25,,CHS,EN 10219-2 CR
,,20,353.6244,508,30,,CHS,EN 10219-2 CR
,,24,89.36784,610,6,,CHS,EN 10219-2 CR
,,24,93.7896246,610,6.3,,CHS,EN 10219-2 CR
,,24,118.76256,610,8,,CHS,EN 10219-2 CR
,,24,147.96,610,10,,CHS,EN 10219-2 CR
,,24,176.96016,610,12,,CHS,EN 10219-2 CR
,,24,184.179375,610,12.5,,CHS,EN 10219-2 CR
,,24,234.36864,610,16,,CHS,EN 10219-2 CR
,,24,290.988,610,20,,CHS,EN 10219-2 CR
,,24,360.6525,610,25,,CHS,EN 10219-2 CR
,,24,429.084,610,30,,CHS,EN 10219-2 CR
,,28,104.3118,711,6,,CHS,EN 10219-2 CR
,,28,109.4807826,711,6.3,,CHS,EN 10219-2 CR
,,28,138.68784,711,8,,CHS,EN 10219-2 CR
,,28,172.8666,711,10,,CHS,EN 10219-2 CR
,,28,206.84808,711,12,,CHS,EN 10219-2 CR
,,28,215.312625,711,12.5,,CHS,EN 10219-2 CR
,,28,274.2192,711,16,,CHS,EN 10219-2 CR
,,28,340.8012,711,20,,CHS,EN 10219-2 CR
,,28,422.919,711,25,,CHS,EN 10219-2 CR
,,28,503.8038,711,30,,CHS,EN 10219-2 CR
,,30,111.85776,762,6,,CHS,EN 10219-2 CR
,,30,117.4040406,762,6.3,,CHS,EN 10219-2 CR
,,30,148.74912,762,8,,CHS,EN 10219-2 CR
,,30,185.4432,762,10,,CHS,EN 10219-2 CR
,,30,221.94,762,12,,CHS,EN 10219-2 CR
,,30,231.033375,762,12.5,,CHS,EN 10219-2 CR
,,30,294.34176,762,16,,CHS,EN 10219-2 CR
,,30,365.9544,762,20,,CHS,EN 10219-2 CR
,,30,454.3605,762,25,,CHS,EN 10219-2 CR
,,30,541.5336,762,30,,CHS,EN 10219-2 CR
,,32,158.8104,813,8,,CHS,EN 10219-2 CR
,,32,198.0198,813,10,,CHS,EN 10219-2 CR
,,32,237.03192,813,12,,CHS,EN 10219-2 CR
,,32,246.754125,813,12.5,,CHS,EN 10219-2 CR
,,32,314.46432,813,16,,CHS,EN 10219-2 CR
,,32,391.1076,813,20,,CHS,EN 10219-2 CR
,,32,485.802,813,25,,CHS,EN 10219-2 CR
,,32,579.2634,813,30,,CHS,EN 10219-2 CR
,,36,178.73568,914,8,,CHS,EN 10219-2 CR
,,36,222.9264,914,10,,CHS,EN 10219-2 CR
,,36,266.91984,914,12,,CHS,EN 10219-2 CR
,,36,277.887375,914,12.5,,CHS,EN 10219-2 CR
,,36,354.31488,914,16,,CHS,EN 10219-2 CR
,,36,440.9208,914,20,,CHS,EN 10219-2 CR
,,36,548.0685,914,25,,CHS,EN 10219-2 CR
,,36,653.9832,914,30,,CHS,EN 10219-2 CR
,,40,198.85824,1016,8,,CHS,EN 10219-2 CR
,,40,248.0796,1016,10,,CHS,EN 10219-2 CR
,,40,297.10368,1016,12,,CHS,EN 10219-2 CR
,,40,309.328875,1016,12.5,,CHS,EN 10219-2 CR
,,40,394.56,1016,16,,CHS,EN 10219-2 CR
,,40,491.2272,1016,20,,CHS,EN 10219-2 CR
,,40,610.9515,1016,25,,CHS,EN 10219-2 CR
,,40,729.4428,1016,30,,CHS,EN 10219-2 CR
,,42,260.6562,1067,10,,CHS,EN 10219-2 CR
,,42,312.1956,1067,12,,CHS,EN 10219-2 CR
,,42,325.049625,1067,12.5,,CHS,EN 10219-2 CR
,,42,414.68256,1067,16,,CHS,EN 10219-2 CR
,,42,516.3804,1067,20,,CHS,EN 10219-2 CR
,,42,642.393,1067,25,,CHS,EN 10219-2 CR
,,42,767.1726,1067,30,,CHS,EN 10219-2 CR
,,46,285.5628,1168,10,,CHS,EN 10219-2 CR
,,46,342.08352,1168,12,,CHS,EN 10219-2 CR
,,46,356.182875,1168,12.5,,CHS,EN 10219-2 CR
,,46,454.53312,1168,16,,CHS,EN 10219-2 CR
,,46,566.1936,1168,20,,CHS,EN 10219-2 CR
,,46,704.6595,1168,25,,CHS,EN 10219-2 CR
,,48,298.1394,1219,10,,CHS,EN 10219-2 CR
,,48,357.17544,1219,12,,CHS,EN 10219-2 CR
,,48,371.903625,1219,12.5,,CHS,EN 10219-2 CR
,,48,474.65568,1219,16,,CHS,EN 10219-2 CR
,,48,591.3468,1219,20,,CHS,EN 10219-2 CR
,,48,736.101,1219,25,,CHS,EN 10219-2 CR
,,0.5,1.4283072,21.3,3.2,,CHS,EN 10210-2 HR
,,0.75,1.8702144,26.9,3.2,,CHS,EN 10210-2 HR
,,1,1.9940076,33.7,2.6,,CHS,EN 10210-2 HR
,,1,2.406816,33.7,3.2,,CHS,EN 10210-2 HR
,,1,2.929608,33.7,4,,CHS,EN 10210-2 HR
,,1.25,2.5518168,42.4,2.6,,CHS,EN 10210-2 HR
,,1.25,3.0933504,42.4,3.2,,CHS,EN 10210-2 HR
,,1.25,3.787776,42.4,4,,CHS,EN 10210-2 HR
,,1.5,2.82357,48.3,2.5,,CHS,EN 10210-2 HR
,,1.5,3.5589312,48.3,3.2,,CHS,EN 10210-2 HR
,,1.5,4.369752,48.3,4,,CHS,EN 10210-2 HR
,,1.5,5.33889,48.3,5,,CHS,EN 10210-2 HR
,,2,4.5058752,60.3,3.2,,CHS,EN 10210-2 HR
,,2,5.553432,60.3,4,,CHS,EN 10210-2 HR
,,2,6.81849,60.3,5,,CHS,EN 10210-2 HR
,,0,5.760576,76.2,3.2,,CHS,EN 10210-2 HR
,,0,7.121808,76.2,4,,CHS,EN 10210-2 HR
,,0,8.77896,76.2,5,,CHS,EN 10210-2 HR
,,3,6.7627584,88.9,3.2,,CHS,EN 10210-2 HR
,,3,8.374536,88.9,4,,CHS,EN 10210-2 HR
,,3,10.34487,88.9,5,,CHS,EN 10210-2 HR
,,4,8.233974,114.3,3,,CHS,EN 10210-2 HR
,,4,9.8275032,114.3,3.6,,CHS,EN 10210-2 HR
,,4,13.47669,114.3,5,,CHS,EN 10210-2 HR
,,4,16.778664,114.3,6.3,,CHS,EN 10210-2 HR
,,0,9.17352,127,3,,CHS,EN 10210-2 HR
,,0,15.0426,127,5,,CHS,EN 10210-2 HR
,,0,10.113066,139.7,3,,CHS,EN 10210-2 HR
,,0,12.0824136,139.7,3.6,,CHS,EN 10210-2 HR
,,0,16.60851,139.7,5,,CHS,EN 10210-2 HR
,,0,20.7247572,139.7,6.3,,CHS,EN 10210-2 HR
,,0,25.981776,139.7,8,,CHS,EN 10210-2 HR
,,0,31.98402,139.7,10,,CHS,EN 10210-2 HR
,,6,20.13489,168.3,5,,CHS,EN 10210-2 HR
,,6,25.167996,168.3,6.3,,CHS,EN 10210-2 HR
,,6,31.623984,168.3,8,,CHS,EN 10210-2 HR
,,6,39.03678,168.3,10,,CHS,EN 10210-2 HR
,,7,23.26671,193.7,5,,CHS,EN 10210-2 HR
,,7,29.1140892,193.7,6.3,,CHS,EN 10210-2 HR
,,7,36.634896,193.7,8,,CHS,EN 10210-2 HR
,,7,45.30042,193.7,10,,CHS,EN 10210-2 HR
,,8,26.39853,219.1,5,,CHS,EN 10210-2 HR
,,8,33.0601824,219.1,6.3,,CHS,EN 10210-2 HR
,,8,41.645808,219.1,8,,CHS,EN 10210-2 HR
,,8,51.56406,219.1,10,,CHS,EN 10210-2 HR
,,8,63.68445,219.1,12.5,,CHS,EN 10210-2 HR
,,0,37.0062756,244.5,6.3,,CHS,EN 10210-2 HR
,,0,46.65672,244.5,8,,CHS,EN 10210-2 HR
,,0,57.8277,244.5,10,,CHS,EN 10210-2 HR
,,0,71.514,244.5,12.5,,CHS,EN 10210-2 HR
,,0,90.15696,244.5,16,,CHS,EN 10210-2 HR
,,10,41.4339786,273,6.3,,CHS,EN 10210-2 HR
,,10,52.2792,273,8,,CHS,EN 10210-2 HR
,,10,64.8558,273,10,,CHS,EN 10210-2 HR
,,10,80.299125,273,12.5,,CHS,EN 10210-2 HR
,,10,101.40192,273,16,,CHS,EN 10210-2 HR
,,12,49.3417008,323.9,6.3,,CHS,EN 10210-2 HR
,,12,62.320752,323.9,8,,CHS,EN 10210-2 HR
,,12,77.40774,323.9,10,,CHS,EN 10210-2 HR
,,12,95.98905,323.9,12.5,,CHS,EN 10210-2 HR
,,12,121.485024,323.9,16,,CHS,EN 10210-2 HR
,,0,68.574528,355.6,8,,CHS,EN 10210-2 HR
,,0,85.22496,355.6,10,,CHS,EN 10210-2 HR
,,0,105.760575,355.6,12.5,,CHS,EN 10210-2 HR
,,0,133.992576,355.6,16,,CHS,EN 10210-2 HR
,,16,97.75224,406.4,10,,CHS,EN 10210-2 HR
,,16,121.419675,406.4,12.5,,CHS,EN 10210-2 HR
,,16,154.036224,406.4,16,,CHS,EN 10210-2 HR
,,0,110.2302,457,10,,CHS,EN 10210-2 HR
,,0,137.017125,457,12.5,,CHS,EN 10210-2 HR
,,0,174.00096,457,16,,CHS,EN 10210-2 HR
,,20,122.8068,508,10,,CHS,EN 10210-2 HR
,,20,152.737875,508,12.5,,CHS,EN 10210-2 HR
,,20,194.12352,508,16,,CHS,EN 10210-2 HR
,,0.5,0.971604,21.7,2,,CHS,JIS G3444
,,0.75,1.242864,27.2,2,,CHS,JIS G3444
,,0.75,1.4122782,27.2,2.3,,CHS,JIS G3444
,,1,1.7979606,34,2.3,,CHS,JIS G3444
,,1.25,2.2914072,42.7,2.3,,CHS,JIS G3444
,,1.25,2.47833,42.7,2.5,,CHS,JIS G3444
,,1.5,2.6260434,48.6,2.3,,CHS,JIS G3444
,,1.5,2.842065,48.6,2.5,,CHS,JIS G3444
,,1.5,3.1623984,48.6,2.8,,CHS,JIS G3444
,,1.5,3.5826048,48.6,3.2,,CHS,JIS G3444
,,2,3.3009876,60.5,2.3,,CHS,JIS G3444
,,2,4.5216576,60.5,3.2,,CHS,JIS G3444
,,2,5.57316,60.5,4,,CHS,JIS G3444
,,0,5.075028,76.3,2.8,,CHS,JIS G3444
,,0,5.7684672,76.3,3.2,,CHS,JIS G3444
,,0,7.131672,76.3,4,,CHS,JIS G3444
,,3,5.9588424,89.1,2.8,,CHS,JIS G3444
,,3,6.7785408,89.1,3.2,,CHS,JIS G3444
,,3.5,7.7649408,101.6,3.2,,CHS,JIS G3444
,,3.5,9.627264,101.6,4,,CHS,JIS G3444
,,3.5,11.91078,101.6,5,,CHS,JIS G3444
,,4,8.7671232,114.3,3.2,,CHS,JIS G3444
,,4,9.563148,114.3,3.5,,CHS,JIS G3444
,,4,12.184506,114.3,4.5,,CHS,JIS G3444
,,0,12.0912912,139.8,3.6,,CHS,JIS G3444
,,0,13.395312,139.8,4,,CHS,JIS G3444
,,0,15.014241,139.8,4.5,,CHS,JIS G3444
,,0,19.797048,139.8,6,,CHS,JIS G3444
,,0,17.832879,165.2,4.5,,CHS,JIS G3444
,,0,19.75266,165.2,5,,CHS,JIS G3444
,,0,23.555232,165.2,6,,CHS,JIS G3444
,,0,27.6810966,165.2,7.1,,CHS,JIS G3444
,,7,20.662614,190.7,4.5,,CHS,JIS G3444
,,7,24.2314092,190.7,5.3,,CHS,JIS G3444
,,7,27.328212,190.7,6,,CHS,JIS G3444
,,7,31.710294,190.7,7,,CHS,JIS G3444
,,7,36.90369,190.7,8.2,,CHS,JIS G3444
,,8,23.503446,216.3,4.5,,CHS,JIS G3444
,,8,30.107394,216.3,5.8,,CHS,JIS G3444
,,8,31.115988,216.3,6,,CHS,JIS G3444
,,8,36.129366,216.3,7,,CHS,JIS G3444
,,8,41.093424,216.3,8,,CHS,JIS G3444
,,8,42.0803172,216.3,8.2,,CHS,JIS G3444
,,0,38.676744,267.4,6,,CHS,JIS G3444
,,0,42.4467648,267.4,6.6,,CHS,JIS G3444
,,0,44.950248,267.4,7,,CHS,JIS G3444
,,0,51.174432,267.4,8,,CHS,JIS G3444
,,0,57.349296,267.4,9,,CHS,JIS G3444
,,0,59.1921378,267.4,9.3,,CHS,JIS G3444
,,0,46.2375,318.5,6,,CHS,JIS G3444
,,0,53.0199864,318.5,6.9,,CHS,JIS G3444
,,0,61.25544,318.5,8,,CHS,JIS G3444
,,0,68.69043,318.5,9,,CHS,JIS G3444
,,0,78.2821836,318.5,10.3,,CHS,JIS G3444
,,14,55.1121408,355.6,6.4,,CHS,JIS G3444
,,14,67.7368278,355.6,7.9,,CHS,JIS G3444
,,14,76.924404,355.6,9,,CHS,JIS G3444
,,14,81.080847,355.6,9.5,,CHS,JIS G3444
,,14,101.678112,355.6,12,,CHS,JIS G3444
,,14,107.3901078,355.6,12.7,,CHS,JIS G3444
,,16,77.633379,406.4,7.9,,CHS,JIS G3444
,,16,88.198956,406.4,9,,CHS,JIS G3444
,,16,92.981763,406.4,9.5,,CHS,JIS G3444
,,16,116.710848,406.4,12,,CHS,JIS G3444
,,16,123.2997534,406.4,12.7,,CHS,JIS G3444
,,16,154.036224,406.4,16,,CHS,JIS G3444
,,16,181.512396,406.4,19,,CHS,JIS G3444
,,18,99.473508,457.2,9,,CHS,JIS G3444
,,18,104.882679,457.2,9.5,,CHS,JIS G3444
,,18,131.743584,457.2,12,,CHS,JIS G3444
,,18,139.209399,457.2,12.7,,CHS,JIS G3444
,,18,174.079872,457.2,16,,CHS,JIS G3444
,,18,205.314228,457.2,19,,CHS,JIS G3444
,,0,108.97254,500,9,,CHS,JIS G3444
,,0,144.40896,500,12,,CHS,JIS G3444
,,0,167.78664,500,14,,CHS,JIS G3444
,,20,97.4264814,508,7.9,,CHS,JIS G3444
,,20,110.74806,508,9,,CHS,JIS G3444
,,20,116.783595,508,9.5,,CHS,JIS G3444
,,20,146.77632,508,12,,CHS,JIS G3444
,,20,155.1190446,508,12.7,,CHS,JIS G3444
,,20,170.54856,508,14,,CHS,JIS G3444
,,20,194.12352,508,16,,CHS,JIS G3444
,,20,229.11606,508,19,,CHS,JIS G3444
,,20,263.66472,508,22,,CHS,JIS G3444
,,0,122.022612,558.8,9,,CHS,JIS G3444
,,0,161.809056,558.8,12,,CHS,JIS G3444
,,0,214.167168,558.8,16,,CHS,JIS G3444
,,0,252.917892,558.8,19,,CHS,JIS G3444
,,0,291.224736,558.8,22,,CHS,JIS G3444
,,0,131.16654,600,9,,CHS,JIS G3444
,,0,174.00096,600,12,,CHS,JIS G3444
,,0,202.31064,600,14,,CHS,JIS G3444
,,0,230.42304,600,16,,CHS,JIS G3444
,,0,133.297164,609.6,9,,CHS,JIS G3444
,,0,140.585427,609.6,9.5,,CHS,JIS G3444
,,0,176.841792,609.6,12,,CHS,JIS G3444
,,0,186.9383358,609.6,12.7,,CHS,JIS G3444
,,0,205.624944,609.6,14,,CHS,JIS G3444
,,0,234.210816,609.6,16,,CHS,JIS G3444
,,0,276.719724,609.6,19,,CHS,JIS G3444
,,0,318.784752,609.6,22,,CHS,JIS G3444
,,0,153.36054,700,9,,CHS,JIS G3444
,,0,203.59296,700,12,,CHS,JIS G3444
,,0,236.83464,700,14,,CHS,JIS G3444
,,0,269.87904,700,16,,CHS,JIS G3444
,,0,155.846268,711.2,9,,CHS,JIS G3444
,,0,206.907264,711.2,12,,CHS,JIS G3444
,,0,240.701328,711.2,14,,CHS,JIS G3444
,,0,274.298112,711.2,16,,CHS,JIS G3444
,,0,324.323388,711.2,19,,CHS,JIS G3444
,,0,373.904784,711.2,22,,CHS,JIS G3444
,,32,178.395372,812.8,9,,CHS,JIS G3444
,,32,236.972736,812.8,12,,CHS,JIS G3444
,,32,275.777712,812.8,14,,CHS,JIS G3444
,,32,314.385408,812.8,16,,CHS,JIS G3444
,,32,371.927052,812.8,19,,CHS,JIS G3444
,,32,429.024816,812.8,22,,CHS,JIS G3444
,,36,267.038208,914.4,12,,CHS,JIS G3444
,,36,310.854096,914.4,14,,CHS,JIS G3444
,,36,354.472704,914.4,16,,CHS,JIS G3444
,,36,419.530716,914.4,19,,CHS,JIS G3444
,,36,484.144848,914.4,22,,CHS,JIS G3444
,,40,297.10368,1016,12,,CHS,JIS G3444
,,40,345.93048,1016,14,,CHS,JIS G3444
,,40,394.56,1016,16,,CHS,JIS G3444
,,40,467.13438,1016,19,,CHS,JIS G3444
,,40,539.26488,1016,22,,CHS,JIS G3444
,,0.5,0.971604,21.7,2,,CHS,KS D3566
,,0.75,1.242864,27.2,2,,CHS,KS D3566
,,0.75,1.4122782,27.2,2.3,,CHS,KS D3566
,,1,1.7979606,34,2.3,,CHS,KS D3566
,,1.25,2.2914072,42.7,2.3,,CHS,KS D3566
,,1.25,2.47833,42.7,2.5,,CHS,KS D3566
,,1.5,2.6260434,48.6,2.3,,CHS,KS D3566
,,1.5,2.842065,48.6,2.5,,CHS,KS D3566
,,1.5,3.1623984,48.6,2.8,,CHS,KS D3566
,,1.5,3.5826048,48.6,3.2,,CHS,KS D3566
,,2,3.3009876,60.5,2.3,,CHS,KS D3566
,,2,4.5216576,60.5,3.2,,CHS,KS D3566
,,2,5.57316,60.5,4,,CHS,KS D3566
,,0,5.075028,76.3,2.8,,CHS,KS D3566
,,0,5.7684672,76.3,3.2,,CHS,KS D3566
,,0,7.131672,76.3,4,,CHS,KS D3566
,,3,5.9588424,89.1,2.8,,CHS,KS D3566
,,3,6.7785408,89.1,3.2,,CHS,KS D3566
,,3.5,7.7649408,101.6,3.2,,CHS,KS D3566
,,3.5,9.627264,101.6,4,,CHS,KS D3566
,,3.5,11.91078,101.6,5,,CHS,KS D3566
,,4,8.7671232,114.3,3.2,,CHS,KS D3566
,,4,9.563148,114.3,3.5,,CHS,KS D3566
,,4,12.184506,114.3,4.5,,CHS,KS D3566
,,0,12.0912912,139.8,3.6,,CHS,KS D3566
,,0,13.395312,139.8,4,,CHS,KS D3566
,,0,15.014241,139.8,4.5,,CHS,KS D3566
,,0,19.797048,139.8,6,,CHS,KS D3566
,,0,17.832879,165.2,4.5,,CHS,KS D3566
,,0,19.75266,165.2,5,,CHS,KS D3566
,,0,23.555232,165.2,6,,CHS,KS D3566
,,0,27.6810966,165.2,7.1,,CHS,KS D3566
,,7,20.662614,190.7,4.5,,CHS,KS D3566
,,7,24.2314092,190.7,5.3,,CHS,KS D3566
,,7,27.328212,190.7,6,,CHS,KS D3566
,,7,31.710294,190.7,7,,CHS,KS D3566
,,7,36.90369,190.7,8.2,,CHS,KS D3566
,,8,23.503446,216.3,4.5,,CHS,KS D3566
,,8,30.107394,216.3,5.8,,CHS,KS D3566
,,8,31.115988,216.3,6,,CHS,KS D3566
,,8,36.129366,216.3,7,,CHS,KS D3566
,,8,41.093424,216.3,8,,CHS,KS D3566
,,8,42.0803172,216.3,8.2,,CHS,KS D3566
,,0,38.676744,267.4,6,,CHS,KS D3566
,,0,42.4467648,267.4,6.6,,CHS,KS D3566
,,0,44.950248,267.4,7,,CHS,KS D3566
,,0,51.174432,267.4,8,,CHS,KS D3566
,,0,57.349296,267.4,9,,CHS,KS D3566
,,0,59.1921378,267.4,9.3,,CHS,KS D3566
,,0,46.2375,318.5,6,,CHS,KS D3566
,,0,53.0199864,318.5,6.9,,CHS,KS D3566
,,0,61.25544,318.5,8,,CHS,KS D3566
,,0,68.69043,318.5,9,,CHS,KS D3566
,,0,78.2821836,318.5,10.3,,CHS,KS D3566
,,14,55.1121408,355.6,6.4,,CHS,KS D3566
,,14,67.7368278,355.6,7.9,,CHS,KS D3566
,,14,76.924404,355.6,9,,CHS,KS D3566
,,14,81.080847,355.6,9.5,,CHS,KS D3566
,,14,101.678112,355.6,12,,CHS,KS D3566
,,14,107.3901078,355.6,12.7,,CHS,KS D3566
,,16,77.633379,406.4,7.9,,CHS,KS D3566
,,16,88.198956,406.4,9,,CHS,KS D3566
,,16,92.981763,406.4,9.5,,CHS,KS D3566
,,16,116.710848,406.4,12,,CHS,KS D3566
,,16,123.2997534,406.4,12.7,,CHS,KS D3566
,,16,154.036224,406.4,16,,CHS,KS D3566
,,16,181.512396,406.4,19,,CHS,KS D3566
,,18,99.473508,457.2,9,,CHS,KS D3566
,,18,104.882679,457.2,9.5,,CHS,KS D3566
,,18,131.743584,457.2,12,,CHS,KS D3566
,,18,139.209399,457.2,12.7,,CHS,KS D3566
,,18,174.079872,457.2,16,,CHS,KS D3566
,,18,205.314228,457.2,19,,CHS,KS D3566
,,0,108.97254,500,9,,CHS,KS D3566
,,0,144.40896,500,12,,CHS,KS D3566
,,0,167.78664,500,14,,CHS,KS D3566
,,20,97.4264814,508,7.9,,CHS,KS D3566
,,20,110.74806,508,9,,CHS,KS D3566
,,20,116.783595,508,9.5,,CHS,KS D3566
,,20,146.77632,508,12,,CHS,KS D3566
,,20,155.1190446,508,12.7,,CHS,KS D3566
,,20,170.54856,508,14,,CHS,KS D3566
,,20,194.12352,508,16,,CHS,KS D3566
,,20,229.11606,508,19,,CHS,KS D3566
,,20,263.66472,508,22,,CHS,KS D3566
,,0,122.022612,558.8,9,,CHS,KS D3566
,,0,161.809056,558.8,12,,CHS,KS D3566
,,0,214.167168,558.8,16,,CHS,KS D3566
,,0,252.917892,558.8,19,,CHS,KS D3566
,,0,291.224736,558.8,22,,CHS,KS D3566
,,0,131.16654,600,9,,CHS,KS D3566
,,0,174.00096,600,12,,CHS,KS D3566
,,0,202.31064,600,14,,CHS,KS D3566
,,0,230.42304,600,16,,CHS,KS D3566
,,0,133.297164,609.6,9,,CHS,KS D3566
,,0,140.585427,609.6,9.5,,CHS,KS D3566
,,0,176.841792,609.6,12,,CHS,KS D3566
,,0,186.9383358,609.6,12.7,,CHS,KS D3566
,,0,205.624944,609.6,14,,CHS,KS D3566
,,0,234.210816,609.6,16,,CHS,KS D3566
,,0,276.719724,609.6,19,,CHS,KS D3566
,,0,318.784752,609.6,22,,CHS,KS D3566
,,0,153.36054,700,9,,CHS,KS D3566
,,0,203.59296,700,12,,CHS,KS D3566
,,0,236.83464,700,14,,CHS,KS D3566
,,0,269.87904,700,16,,CHS,KS D3566
,,0,155.846268,711.2,9,,CHS,KS D3566
,,0,206.907264,711.2,12,,CHS,KS D3566
,,0,240.701328,711.2,14,,CHS,KS D3566
,,0,274.298112,711.2,16,,CHS,KS D3566
,,0,324.323388,711.2,19,,CHS,KS D3566
,,0,373.904784,711.2,22,,CHS,KS D3566
,,32,178.395372,812.8,9,,CHS,KS D3566
,,32,236.972736,812.8,12,,CHS,KS D3566
,,32,275.777712,812.8,14,,CHS,KS D3566
,,32,314.385408,812.8,16,,CHS,KS D3566
,,32,371.927052,812.8,19,,CHS,KS D3566
,,32,429.024816,812.8,22,,CHS,KS D3566
,,36,267.038208,914.4,12,,CHS,KS D3566
,,36,310.854096,914.4,14,,CHS,KS D3566
,,36,354.472704,914.4,16,,CHS,KS D3566
,,36,419.530716,914.4,19,,CHS,KS D3566
,,36,484.144848,914.4,22,,CHS,KS D3566
,,40,297.10368,1016,12,,CHS,KS D3566
,,40,345.93048,1016,14,,CHS,KS D3566
,,40,394.56,1016,16,,CHS,KS D3566
,,40,467.13438,1016,19,,CHS,KS D3566
,,40,539.26488,1016,22,,CHS,KS D3566
,,0.25,0.6352416,13.5,2.3,,CHS,AS.NZS-1163
,,0.25,0.7580484,13.5,2.9,,CHS,AS.NZS-1163
,,0.375,0.8450982,17.2,2.3,,CHS,AS.NZS-1163
,,0.375,1.0226502,17.2,2.9,,CHS,AS.NZS-1163
,,0.5,1.1989692,21.3,2.6,,CHS,AS.NZS-1163
,,0.5,1.4283072,21.3,3.2,,CHS,AS.NZS-1163
,,0.5,1.5713352,21.3,3.6,,CHS,AS.NZS-1163
,,0.75,1.5580188,26.9,2.6,,CHS,AS.NZS-1163
,,0.75,1.8702144,26.9,3.2,,CHS,AS.NZS-1163
,,0.75,2.258856,26.9,4,,CHS,AS.NZS-1163
,,1,2.406816,33.7,3.2,,CHS,AS.NZS-1163
,,1,2.929608,33.7,4,,CHS,AS.NZS-1163
,,1,3.240324,33.7,4.5,,CHS,AS.NZS-1163
,,1.25,3.0933504,42.4,3.2,,CHS,AS.NZS-1163
,,1.25,3.787776,42.4,4,,CHS,AS.NZS-1163
,,1.25,4.531275,42.4,4.9,,CHS,AS.NZS-1163
,,1.5,3.5589312,48.3,3.2,,CHS,AS.NZS-1163
,,1.5,4.369752,48.3,4,,CHS,AS.NZS-1163
,,1.5,5.7127356,48.3,5.4,,CHS,AS.NZS-1163
,,2,5.0335992,60.3,3.6,,CHS,AS.NZS-1163
,,2,6.192126,60.3,4.5,,CHS,AS.NZS-1163
,,2,7.3107036,60.3,5.4,,CHS,AS.NZS-1163
,,0,4.1857884,76.1,2.3,,CHS,AS.NZS-1163
,,0,5.7526848,76.1,3.2,,CHS,AS.NZS-1163
,,0,6.43626,76.1,3.6,,CHS,AS.NZS-1163
,,0,7.945452,76.1,4.5,,CHS,AS.NZS-1163
,,0,10.2136788,76.1,5.9,,CHS,AS.NZS-1163
,,3,5.5332108,88.9,2.6,,CHS,AS.NZS-1163
,,3,6.7627584,88.9,3.2,,CHS,AS.NZS-1163
,,3,8.374536,88.9,4,,CHS,AS.NZS-1163
,,3,9.9547488,88.9,4.8,,CHS,AS.NZS-1163
,,3,10.34487,88.9,5,,CHS,AS.NZS-1163
,,3,11.311542,88.9,5.5,,CHS,AS.NZS-1163
,,3,12.076002,88.9,5.9,,CHS,AS.NZS-1163
,,3.5,6.347484,101.6,2.6,,CHS,AS.NZS-1163
,,3.5,7.7649408,101.6,3.2,,CHS,AS.NZS-1163
,,3.5,9.627264,101.6,4,,CHS,AS.NZS-1163
,,3.5,11.91078,101.6,5,,CHS,AS.NZS-1163
,,4,8.7671232,114.3,3.2,,CHS,AS.NZS-1163
,,4,9.8275032,114.3,3.6,,CHS,AS.NZS-1163
,,4,12.184506,114.3,4.5,,CHS,AS.NZS-1163
,,4,12.961296,114.3,4.8,,CHS,AS.NZS-1163
,,4,14.5015596,114.3,5.4,,CHS,AS.NZS-1163
,,4,16.024068,114.3,6,,CHS,AS.NZS-1163
,,0,10.113066,139.7,3,,CHS,AS.NZS-1163
,,0,11.755422,139.7,3.5,,CHS,AS.NZS-1163
,,0,16.60851,139.7,5,,CHS,AS.NZS-1163
,,0,17.8839252,139.7,5.4,,CHS,AS.NZS-1163
,,0,11.992158,165.1,3,,CHS,AS.NZS-1163
,,0,13.947696,165.1,3.5,,CHS,AS.NZS-1163
,,0,19.74033,165.1,5,,CHS,AS.NZS-1163
,,0,21.2662908,165.1,5.4,,CHS,AS.NZS-1163
,,6,19.353168,168.3,4.8,,CHS,AS.NZS-1163
,,6,25.5517056,168.3,6.4,,CHS,AS.NZS-1163
,,6,28.2238632,168.3,7.1,,CHS,AS.NZS-1163
,,8,25.3662624,219.1,4.8,,CHS,AS.NZS-1163
,,8,33.5691648,219.1,6.4,,CHS,AS.NZS-1163
,,8,42.6465108,219.1,8.2,,CHS,AS.NZS-1163
,,10,31.7581344,273.1,4.8,,CHS,AS.NZS-1163
,,10,42.0916608,273.1,6.4,,CHS,AS.NZS-1163
,,10,60.4993644,273.1,9.3,,CHS,AS.NZS-1163
,,12,21.3861384,323.9,2.7,,CHS,AS.NZS-1163
,,12,50.10912,323.9,6.4,,CHS,AS.NZS-1163
,,12,73.654488,323.9,9.5,,CHS,AS.NZS-1163
,,14,55.1121408,355.6,6.4,,CHS,AS.NZS-1163
,,14,81.080847,355.6,9.5,,CHS,AS.NZS-1163
,,14,107.3901078,355.6,12.7,,CHS,AS.NZS-1163
,,16,63.1296,406.4,6.4,,CHS,AS.NZS-1163
,,16,92.981763,406.4,9.5,,CHS,AS.NZS-1163
,,16,123.2997534,406.4,12.7,,CHS,AS.NZS-1163
,,18,71.1154944,457,6.4,,CHS,AS.NZS-1163
,,18,104.835825,457,9.5,,CHS,AS.NZS-1163
,,18,139.1467626,457,12.7,,CHS,AS.NZS-1163
,,20,79.1645184,508,6.4,,CHS,AS.NZS-1163
,,20,116.783595,508,9.5,,CHS,AS.NZS-1163
,,20,155.1190446,508,12.7,,CHS,AS.NZS-1163
,,24,95.2625664,610,6.4,,CHS,AS.NZS-1163
,,24,140.679135,610,9.5,,CHS,AS.NZS-1163
,,24,187.0636086,610,12.7,,CHS,AS.NZS-1163
