name,alt,kgm,h,b,tw,tf,r,profileCode,code,localIndex
IPE 80 AA,IPE AA 80,4.9,78,46,3.2,4.2,5,IPE,EN10365,0
IPE 80 A,IPE A 80,5,78,46,3.3,4.2,5,IPE,EN10365,1
IPE 80,,6,80,46,3.8,5.2,5,IPE,EN10365,2
IPE 100 AA,IPE AA 100,6.7,97.6,55,3.6,4.5,7,IPE,EN10365,3
IPE 100 A,IPE A 100,6.9,98,55,3.6,4.7,7,IPE,EN10365,4
IPE 100,,8.1,100,55,4.1,5.7,7,IPE,EN10365,5
IPE 120 AA,IPE AA 120,8.4,117,64,3.8,4.8,7,IPE,EN10365,6
IPE 120 A,IPE A 120,8.7,117.6,64,3.8,5.1,7,IPE,EN10365,7
IPE 120,,10.4,120,64,4.4,6.3,7,IPE,EN10365,8
IPE 140 AA,IPE AA 140,10.1,136.6,73,3.8,5.2,7,IPE,EN10365,9
IPE 140 A,IPE A 140,10.5,137.4,73,3.8,5.6,7,IPE,EN10365,10
IPE 140,,12.9,140,73,4.7,6.9,7,IPE,EN10365,11
IPE 160 AA,IPE AA 160,12.3,156.4,82,4,5.6,7,IPE,EN10365,12
IPE 160 A,IPE A 160,12.7,157,82,4,5.9,9,IPE,EN10365,13
IPE 160,,15.8,160,82,5,7.4,9,IPE,EN10365,14
IPE 180 AA,IPE AA 180,14.9,176.4,91,4.3,6.2,9,IPE,EN10365,15
IPE 180 A,IPE A 180,15.4,177,91,4.3,6.5,9,IPE,EN10365,16
IPE 180,,18.8,180,91,5.3,8,9,IPE,EN10365,17
IPE 180 O,IPE O 180,21.3,182,92,6,9,9,IPE,EN10365,18
IPE 200 AA,IPE AA 200,18,196.4,100,4.5,6.7,12,IPE,EN10365,19
IPE 200 A,IPE A 200,18.4,197,100,4.5,7,12,IPE,EN10365,20
IPE 200,,22.4,200,100,5.6,8.5,12,IPE,EN10365,21
IPE 200 O,IPE O 200,25.1,202,102,6.2,9.5,12,IPE,EN10365,22
IPE 220 AA,IPE AA 220,21.2,216.4,110,4.7,7.4,12,IPE,EN10365,23
IPE 220 A,IPE A 220,22.2,217,110,5,7.7,12,IPE,EN10365,24
IPE 220,,26.2,220,110,5.9,9.2,12,IPE,EN10365,25
IPE 220 O,IPE O 220,29.4,222,112,6.6,10.2,12,IPE,EN10365,26
IPE 240 AA,IPE AA 240,24.9,236.4,120,4.8,8,15,IPE,EN10365,27
IPE 240 A,IPE A 240,26.2,237,120,5.2,8.3,15,IPE,EN10365,28
IPE 240,,30.7,240,120,6.2,9.8,15,IPE,EN10365,29
IPE 240 O,IPE O 240,34.3,242,122,7,10.8,15,IPE,EN10365,30
IPE 270 A,IPE A 270,30.7,267,135,5.5,8.7,15,IPE,EN10365,31
IPE 270,,36.1,270,135,6.6,10.2,15,IPE,EN10365,32
IPE 270 O,IPE O 270,42.3,274,136,7.5,12.2,15,IPE,EN10365,33
IPE 300 A,IPE A 300,36.5,297,150,6.1,9.2,15,IPE,EN10365,34
IPE 300,,42.2,300,150,7.1,10.7,15,IPE,EN10365,35
IPE 300 O,IPE O 300,49.3,304,152,8,12.7,15,IPE,EN10365,36
IPE 330 A,IPE A 330,43,327,160,6.5,10,18,IPE,EN10365,37
IPE 330,,49.1,330,160,7.5,11.5,18,IPE,EN10365,38
IPE 330 O,IPE O 330,57,334,162,8.5,13.5,18,IPE,EN10365,39
IPE 360 A,IPE A 360,50.2,357.6,170,6.6,11.5,18,IPE,EN10365,40
IPE 360,,57.1,360,170,8,12.7,18,IPE,EN10365,41
IPE 360 O,IPE O 360,66,364,172,9.2,14.7,18,IPE,EN10365,42
IPE 400 A,IPE A 400,57.4,397,180,7,12,21,IPE,EN10365,43
IPE 400,,66.3,400,180,8.6,13.5,21,IPE,EN10365,44
IPE 400 O,IPE O 400,75.7,404,182,9.7,15.5,21,IPE,EN10365,45
IPE 400 V,IPE V 400,84,408,182,10.6,17.5,21,IPE,EN10365,46
IPE 450 A,IPE A 450,67.2,447,190,7.6,13.1,21,IPE,EN10365,47
IPE 450,,77.6,450,190,9.4,14.6,21,IPE,EN10365,48
IPE 450 O,IPE O 450,92.4,456,192,11,17.6,21,IPE,EN10365,49
IPE 450 V,IPE V 450,107,460,194,12.4,19.6,21,IPE,EN10365,50
IPE 500 A,IPE A 500,79.4,497,200,8.4,14.5,21,IPE,EN10365,51
IPE 500,,90.7,500,200,10.2,16,21,IPE,EN10365,52
IPE 500 O,IPE O 500,107,506,202,12,19,21,IPE,EN10365,53
IPE 500 V,IPE V 500,129,514,204,14.2,23,21,IPE,EN10365,54
IPE 550 A,IPE A 550,92.1,547,210,9,15.7,24,IPE,EN10365,55
IPE 550,,106,550,210,11.1,17.2,24,IPE,EN10365,56
IPE 550 O,IPE O 550,123,556,212,12.7,20.2,24,IPE,EN10365,57
IPE 550 V,IPE V 550,159,566,216,17.1,25.2,24,IPE,EN10365,58
IPE 600 A,IPE A 600,108,597,220,9.8,17.5,24,IPE,EN10365,59
IPE 600,,122,600,220,12,19,24,IPE,EN10365,60
IPE 600 O,IPE O 600,154,610,224,15,24,24,IPE,EN10365,61
IPE 600 V,IPE V 600,184,618,228,18,28,24,IPE,EN10365,62
IPE 750X134,,134,750,264,12,15.5,17,IPE,EN10365,63
IPE 750X147,,147,753,265,13.2,17,17,IPE,EN10365,64
IPE 750X173,,173,762,267,14.4,21.6,17,IPE,EN10365,65
IPE 750X196,,196,770,268,15.6,25.4,17,IPE,EN10365,66
HE 100 AA,HE AA 100,12.2,91,100,4.2,5.5,12,HE,EN10365,0
HE 100 A,HE A 100,16.7,96,100,5,8,12,HE,EN10365,1
HE 100 B,HE B 100,20.4,100,100,6,10,12,HE,EN10365,2
HE 100 C,HE C 100,30.9,110,103,9,15,12,HE,EN10365,3
HE 100 M,HE M 100,41.8,120,106,12,20,12,HE,EN10365,4
HE 120 AA,HE AA 120,14.6,109,120,4.2,5.5,12,HE,EN10365,5
HE 120 A,HE A 120,19.9,114,120,5,8,12,HE,EN10365,6
HE 120 B,HE B 120,26.7,120,120,6.5,11,12,HE,EN10365,7
HE 120 C,HE C 120,39.2,130,123,9.5,16,12,HE,EN10365,8
HE 120 M,HE M 120,52.1,140,126,12.5,21,12,HE,EN10365,9
HE 140 AA,HE AA 140,18.1,128,140,4.3,6,12,HE,EN10365,10
HE 140 A,HE A 140,24.7,133,140,5.5,8.5,12,HE,EN10365,11
HE 140 B,HE B 140,33.7,140,140,7,12,12,HE,EN10365,12
HE 140 C,HE C 140,48.2,150,143,10,17,12,HE,EN10365,13
HE 140 M,HE M 140,63.2,160,146,13,22,12,HE,EN10365,14
HE 160 AA,HE AA 160,23.8,148,160,4.5,7,15,HE,EN10365,15
HE 160 A,HE A 160,30.4,152,160,6,9,15,HE,EN10365,16
HE 160 B,HE B 160,42.6,160,160,8,13,15,HE,EN10365,17
HE 160 C,HE C 160,59.2,170,163,11,18,15,HE,EN10365,18
HE 160 M,HE M 160,76.2,180,166,14,23,15,HE,EN10365,19
HE 180 AA,HE AA 180,28.7,167,180,5,7.5,15,HE,EN10365,20
HE 180 A,HE A 180,35.5,171,180,6,9.5,15,HE,EN10365,21
HE 180 B,HE B 180,51.2,180,180,8.5,14,15,HE,EN10365,22
HE 180 C,HE C 180,69.8,190,183,11.5,19,15,HE,EN10365,23
HE 180 M,HE M 180,88.9,200,186,14.5,24,15,HE,EN10365,24
HE 200 AA,HE AA 200,34.6,186,200,5.5,8,18,HE,EN10365,25
HE 200 A,HE A 200,42.3,190,200,6.5,10,18,HE,EN10365,26
HE 200 B,HE B 200,61.3,200,200,9,15,18,HE,EN10365,27
HE 200 C,HE C 200,81.9,210,203,12,20,18,HE,EN10365,28
HE 200 M,HE M 200,103,220,206,15,25,18,HE,EN10365,29
HE 220 AA,HE AA 220,40.4,205,220,6,8.5,18,HE,EN10365,30
HE 220 A,HE A 220,50.5,210,220,7,11,18,HE,EN10365,31
HE 220 B,HE B 220,71.5,220,220,9.5,16,18,HE,EN10365,32
HE 220 C,HE C 220,94.1,230,223,12.5,21,18,HE,EN10365,33
HE 220 M,HE M 220,117,240,226,15.5,26,18,HE,EN10365,34
HE 240 AA,HE AA 240,47.4,224,240,6.5,9,21,HE,EN10365,35
HE 240 A,HE A 240,60.3,230,240,7.5,12,21,HE,EN10365,36
HE 240 B,HE B 240,83.2,240,240,10,17,21,HE,EN10365,37
HE 240 C,HE C 240,119,255,244,14,24.5,24,HE,EN10365,38
HE 240 M,HE M 240,157,270,248,18,32,21,HE,EN10365,39
HE 260 AA,HE AA 260,54.1,244,260,6.5,9.5,24,HE,EN10365,40
HE 260 A,HE A 260,68.2,250,260,7.5,12.5,24,HE,EN10365,41
HE 260 B,HE B 260,93,260,260,10,17.5,24,HE,EN10365,42
HE 260 C,HE C 260,132,275,264,14,25,24,HE,EN10365,43
HE 260 M,HE M 260,172,290,268,18,32.5,24,HE,EN10365,44
HE 280 AA,HE AA 280,61.2,264,280,7,10,24,HE,EN10365,45
HE 280 A,HE A 280,76.4,270,280,8,13,24,HE,EN10365,46
HE 280 B,HE B 280,103,280,280,10.5,18,24,HE,EN10365,47
HE 280 C,HE C 280,145,295,284,14.5,25.5,24,HE,EN10365,48
HE 280 M,HE M 280,189,310,288,18.5,33,24,HE,EN10365,49
HE 300 AA,HE AA 300,69.8,283,300,7.5,10.5,27,HE,EN10365,50
HE 300 A,HE A 300,88.3,290,300,8.5,14,27,HE,EN10365,51
HE 300 B,HE B 300,117,300,300,11,19,27,HE,EN10365,52
HE 300 C,HE C 300,177,320,305,16,29,30,HE,EN10365,53
HE 300 M,HE M 300,238,340,310,21,39,27,HE,EN10365,54
HE 320 AA,HE AA 320,74.2,301,300,8,11,27,HE,EN10365,55
HE 320 A,HE A 320,97.6,310,300,9,15.5,27,HE,EN10365,56
HE 320 B,HE B 320,127,320,300,11.5,20.5,27,HE,EN10365,57
HE 320 C,HE C 320,186,340,305,16,30.5,30,HE,EN10365,58
HE 320 M,HE M 320,245,359,309,21,40,27,HE,EN10365,59
HE 340 AA,HE AA 340,78.9,320,300,8.5,11.5,27,HE,EN10365,60
HE 340 A,HE A 340,105,330,300,9.5,16.5,27,HE,EN10365,61
HE 340 B,HE B 340,134,340,300,12,21.5,27,HE,EN10365,62
HE 340 M,HE M 340,248,377,309,21,40,27,HE,EN10365,63
HE 360 AA,HE AA 360,83.7,339,300,9,12,27,HE,EN10365,64
HE 360 A,HE A 360,112,350,300,10,17.5,27,HE,EN10365,65
HE 360 B,HE B 360,142,360,300,12.5,22.5,27,HE,EN10365,66
HE 360 M,HE M 360,250,395,308,21,40,27,HE,EN10365,67
HE 400 AA,HE AA 400,92.4,378,300,9.5,13,27,HE,EN10365,68
HE 400 A,HE A 400,125,390,300,11,19,27,HE,EN10365,69
HE 400 B,HE B 400,155,400,300,13.5,24,27,HE,EN10365,70
HE 400 M,HE M 400,256,432,307,21,40,27,HE,EN10365,71
HE 450 AA,HE AA 450,99.7,425,300,10,13.5,27,HE,EN10365,72
HE 450 A,HE A 450,140,440,300,11.5,21,27,HE,EN10365,73
HE 450 B,HE B 450,171,450,300,14,26,27,HE,EN10365,74
HE 450 M,HE M 450,263,478,307,21,40,27,HE,EN10365,75
HE 500 AA,HE AA 500,107,472,300,10.5,14,27,HE,EN10365,76
HE 500 A,HE A 500,155,490,300,12,23,27,HE,EN10365,77
HE 500 B,HE B 500,187,500,300,14.5,28,27,HE,EN10365,78
HE 500 M,HE M 500,270,524,306,21,40,27,HE,EN10365,79
HE 550 AA,HE AA 550,120,522,300,11.5,15,27,HE,EN10365,80
HE 550 A,HE A 550,166,540,300,12.5,24,27,HE,EN10365,81
HE 550 B,HE B 550,199,550,300,15,29,27,HE,EN10365,82
HE 550 M,HE M 550,278,572,306,21,40,27,HE,EN10365,83
HE 600 AA,HE AA 600,129,571,300,12,15.5,27,HE,EN10365,84
HE 600 A,HE A 600,178,590,300,13,25,27,HE,EN10365,85
HE 600 B,HE B 600,212,600,300,15.5,30,27,HE,EN10365,86
HE 600 M,HE M 600,285,620,305,21,40,27,HE,EN10365,87
HE 600X337,,337,632,310,25.5,46,27,HE,EN10365,88
HE 600X399,,399,648,315,30,54,27,HE,EN10365,89
HE 650 AA,HE AA 650,138,620,300,12.5,16,27,HE,EN10365,90
HE 650 A,HE A 650,190,640,300,13.5,26,27,HE,EN10365,91
HE 650 B,HE B 650,225,650,300,16,31,27,HE,EN10365,92
HE 650 M,HE M 650,293,668,305,21,40,27,HE,EN10365,93
HE 650X343,,343,680,309,25,46,27,HE,EN10365,94
HE 650X407,,407,696,314,29.5,54,27,HE,EN10365,95
HE 700 AA,HE AA 700,150,670,300,13,17,27,HE,EN10365,96
HE 700 A,HE A 700,204,690,300,14.5,27,27,HE,EN10365,97
HE 700 B,HE B 700,241,700,300,17,32,27,HE,EN10365,98
HE 700 M,HE M 700,301,716,304,21,40,27,HE,EN10365,99
HE 700X352,,352,728,308,25,46,27,HE,EN10365,100
HE 700X418,,418,744,313,29.5,54,27,HE,EN10365,101
HE 800 AA,HE AA 800,172,770,300,14,18,30,HE,EN10365,102
HE 800 A,HE A 800,224,790,300,15,28,30,HE,EN10365,103
HE 800 B,HE B 800,262,800,300,17.5,33,30,HE,EN10365,104
HE 800 M,HE M 800,317,814,303,21,40,30,HE,EN10365,105
HE 900 AA,HE AA 900,198,870,300,15,20,30,HE,EN10365,106
HE 900 A,HE A 900,252,890,300,16,30,30,HE,EN10365,107
HE 900 B,HE B 900,291,900,300,18.5,35,30,HE,EN10365,108
HE 900 M,HE M 900,333,910,302,21,40,30,HE,EN10365,109
HE 1000 AA,HE AA 1000,222,970,300,16,21,30,HE,EN10365,110
HE 1000 A,HE A 1000,272,990,300,16.5,31,30,HE,EN10365,111
HE 1000 B,HE B 1000,314,1000,300,19,36,30,HE,EN10365,112
HE 1000 M,HE M 1000,349,1008,302,21,40,30,HE,EN10365,113
M 3X2.9,,4.3,76,57,2.3,3.3,0,M,ASTM,0
M 4X3.2,,4.8,102,57,2.3,3.3,0,M,ASTM,1
M 4X3.45,,5.1,102,57,2.8,3.3,0,M,ASTM,2
M 4X4.08,,6.1,102,57,2.9,4.3,0,M,ASTM,3
M 4X6,,8.9,97,97,3.3,4.1,0,M,ASTM,4
M 5X18.9,,28.1,127,127,8,10.6,0,M,ASTM,5
M 6X3.7,,5.5,150,51,2.5,3.3,0,M,ASTM,6
M 6X4.4,,6.6,152,47,2.9,4.3,0,M,ASTM,7
M 8X6.2,,9.2,203,58,3.3,4.5,0,M,ASTM,8
M 8X6.5,,9.7,203,57,3.4,4.8,0,M,ASTM,9
M 10X7.5,,11.2,253,68,3.3,4.4,0,M,ASTM,10
M 10X8,,11.9,253,68,4,5.2,0,M,ASTM,11
M 10X9,,13.4,254,68,3.6,4.6,0,M,ASTM,12
M 12X10,,14.9,304,83,3.8,4.6,0,M,ASTM,13
M 12X10.8,,16.1,304,78,4.1,5.3,0,M,ASTM,14
M 12X11.8,,17.6,305,78,4.5,5.7,0,M,ASTM,15
M 12.5X11.6,,17.3,317,89,3.9,5.4,0,M,ASTM,16
M 12.5X12.4,,18.5,318,95,3.9,5.8,0,M,ASTM,17
W 4X13,,19.3,106,103,7.1,8.8,6.3,W,ASTM,0
W 5X16,,23.8,127,127,6.1,9.1,7.6,W,ASTM,1
W 5X19,,28.1,131,128,6.9,10.9,7.6,W,ASTM,2
W 6X8.5,,13,148,100,4.3,4.9,6,W,ASTM,3
W 6X9,,13.5,150,100,4.3,5.5,6,W,ASTM,4
W 6X12,,18,153,102,5.8,7.1,6,W,ASTM,5
W 6X15,,22.5,152,152,5.8,6.6,6,W,ASTM,6
W 6X16,,24,160,102,6.6,10.3,6,W,ASTM,7
W 6X20,,29.8,157,153,6.6,9.3,6,W,ASTM,8
W 6X25,,37.1,162,154,8.1,11.6,8,W,ASTM,9
W 8X10,,15,200,100,4.3,5.2,7.6,W,ASTM,10
W 8X13,,19.3,203,102,5.8,6.5,7.6,W,ASTM,11
W 8X15,,22.5,206,102,6.2,8,7.6,W,ASTM,12
W 8X18,,26.6,207,133,5.8,8.4,7.6,W,ASTM,13
W 8X21,,31.3,210,134,6.4,10.2,7.6,W,ASTM,14
W 8X24,,35.9,201,165,6.2,10.2,10,W,ASTM,15
W 8X28,,41.7,205,166,7.2,11.8,10,W,ASTM,16
W 8X31,,46.1,203,203,7.2,11,10,W,ASTM,17
W 8X35,,52,206,204,7.9,12.6,10,W,ASTM,18
W 8X40,,59,210,205,9.1,14.2,10,W,ASTM,19
W 8X48,,71,216,206,10.2,17.4,10,W,ASTM,20
W 8X58,,86,222,209,13,20.6,10,W,ASTM,21
W 8X67,,100,229,210,14.5,23.7,10,W,ASTM,22
W 10X12,,17.9,251,101,4.8,5.3,8,W,ASTM,23
W 10X15,,22.3,254,102,5.8,6.9,8,W,ASTM,24
W 10X17,,25.3,257,102,6.1,8.4,8,W,ASTM,25
W 10X19,,28.4,260,102,6.4,10,8,W,ASTM,26
W 10X22,,32.7,258,146,6.1,9.1,8,W,ASTM,27
W 10X26,,38.5,262,147,6.6,11.2,8,W,ASTM,28
W 10X30,,44.8,266,148,7.6,13,8,W,ASTM,29
W 10X33,,49.1,247,202,7.4,11,13,W,ASTM,30
W 10X39,,58,252,203,8,13.5,13,W,ASTM,31
W 10X45,,67,257,204,8.9,15.7,13,W,ASTM,32
W 10X49,,73,253,254,8.6,14.2,13,W,ASTM,33
W 10X54,,80,256,255,9.4,15.6,13,W,ASTM,34
W 10X60,,89,260,256,10.7,17.3,13,W,ASTM,35
W 10X68,,101,264,257,11.9,19.6,13,W,ASTM,36
W 10X77,,115,269,259,13.5,22.1,13,W,ASTM,37
W 10X88,,131,275,261,15.4,25.1,13,W,ASTM,38
W 10X100,,149,282,263,17.3,28.4,13,W,ASTM,39
W 10X112,,167,289,265,19.2,31.8,13,W,ASTM,40
W 12X14,,21,303,101,5.1,5.7,8,W,ASTM,41
W 12X16,,23.8,305,101,5.6,6.7,8,W,ASTM,42
W 12X19,,28.3,309,102,6,8.9,8,W,ASTM,43
W 12X22,,32.7,313,102,6.6,10.8,8,W,ASTM,44
W 12X26,,38.7,310,165,5.8,9.7,8,W,ASTM,45
W 12X30,,44.5,313,166,6.6,11.2,8,W,ASTM,46
W 12X35,,52,317,167,7.6,13.2,8,W,ASTM,47
W 12X40,,60,303,203,7.5,13.1,15,W,ASTM,48
W 12X45,,67,306,204,8.5,14.6,15,W,ASTM,49
W 12X50,,74,310,205,9.4,16.3,15,W,ASTM,50
W 12X53,,79,306,254,8.8,14.6,15,W,ASTM,51
W 12X58,,86,310,254,9.1,16.3,15,W,ASTM,52
W 12X65,,97,308,305,9.9,15.4,15,W,ASTM,53
W 12X72,,107,311,306,10.9,17,15,W,ASTM,54
W 12X79,,117,314,307,11.9,18.7,15,W,ASTM,55
W 12X87,,129,318,308,13.1,20.6,15,W,ASTM,56
W 12X96,,143,323,309,14,22.9,15,W,ASTM,57
W 12X106,,158,327,310,15.5,25.1,15,W,ASTM,58
W 12X120,,179,333,313,18,28.1,15,W,ASTM,59
W 12X136,,202,341,315,20.1,31.8,15,W,ASTM,60
W 12X152,,226,348,317,22.1,35.6,15,W,ASTM,61
W 12X170,,253,356,319,24.4,39.6,15,W,ASTM,62
W 12X190,,283,365,322,26.9,44.1,15,W,ASTM,63
W 12X210,,313,374,325,30,48.3,15,W,ASTM,64
W 12X230,,342,382,328,32.6,52.6,15,W,ASTM,65
W 12X252,,375,391,330,35.4,57.2,15,W,ASTM,66
W 12X279,,415,403,334,38.9,62.7,15,W,ASTM,67
W 12X305,,454,415,336,41.3,68.7,15,W,ASTM,68
W 12X336,,500,427,340,45.1,75.1,15,W,ASTM,69
W 14X22,,32.9,349,127,5.8,8.5,10,W,ASTM,70
W 14X26,,39,353,128,6.5,10.7,10,W,ASTM,71
W 14X30,,44.6,352,171,6.9,9.8,10,W,ASTM,72
W 14X34,,51,355,171,7.2,11.6,10,W,ASTM,73
W 14X38,,58,358,172,7.9,13.1,10,W,ASTM,74
W 14X43,,64,347,203,7.7,13.5,15,W,ASTM,75
W 14X48,,72,350,204,8.6,15.1,15,W,ASTM,76
W 14X53,,79,354,205,9.4,16.8,15,W,ASTM,77
W 14X61,,91,353,254,9.5,16.4,15,W,ASTM,78
W 14X68,,101,357,255,10.5,18.3,15,W,ASTM,79
W 14X74,,110,360,256,11.4,19.9,15,W,ASTM,80
W 14X82,,122,363,257,13,21.7,15,W,ASTM,81
W 14X90,,134,356,369,11.2,18,15,W,ASTM,82
W 14X99,,147,360,370,12.3,19.8,15,W,ASTM,83
W 14X109,,162,364,371,13.3,21.8,15,W,ASTM,84
W 14X120,,179,368,373,15,23.9,15,W,ASTM,85
W 14X132,,196,372,374,16.4,26.2,15,W,ASTM,86
W 14X145,,216,375,394,17.3,27.7,15,W,ASTM,87
W 14X159,,237,380,395,18.9,30.2,15,W,ASTM,88
W 14X176,,262,387,398,21.1,33.3,15,W,ASTM,89
W 14X193,,287,393,399,22.6,36.6,15,W,ASTM,90
W 14X211,,314,399,401,24.9,39.6,15,W,ASTM,91
W 14X233,,347,407,404,27.2,43.7,15,W,ASTM,92
W 14X257,,382,416,406,29.8,48,15,W,ASTM,93
W 14X283,,421,425,409,32.8,52.6,15,W,ASTM,94
W 14X311,,463,435,412,35.8,57.4,15,W,ASTM,95
W 14X342,,509,446,416,39.1,62.7,15,W,ASTM,96
W 14X370,,551,455,418,42,67.6,15,W,ASTM,97
W 14X398,,592,465,421,45,72.3,15,W,ASTM,98
W 14X426,,634,474,424,47.6,77.1,15,W,ASTM,99
W 14X455,,677,483,428,51.2,81.5,15,W,ASTM,100
W 14X500,,744,498,432,55.6,88.9,15,W,ASTM,101
W 14X550,,818,514,437,60.5,97,15,W,ASTM,102
W 14X605,,900,531,442,65.9,106,15,W,ASTM,103
W 14X665,,990,550,448,71.9,115,15,W,ASTM,104
W 14X730,,1086,569,454,78,125,15,W,ASTM,105
W 14X808,,1202,580,471,95,130,15,W,ASTM,106
W 14X873,,1299,600,476,100,140,15,W,ASTM,107
W 16X26,,38.8,399,140,6.4,8.8,10.2,W,ASTM,108
W 16X31,,46.1,403,140,7,11.2,10.2,W,ASTM,109
W 16X36,,53,403,177,7.5,10.9,10.2,W,ASTM,110
W 16X40,,60,407,178,7.7,12.8,10.2,W,ASTM,111
W 16X45,,67,410,179,8.8,14.4,10.2,W,ASTM,112
W 16X50,,75,413,180,9.7,16,10.2,W,ASTM,113
W 16X57,,85,417,181,10.9,18.2,10.2,W,ASTM,114
W 16X67,,100,415,260,10,16.9,10.2,W,ASTM,115
W 16X77,,114,420,261,11.6,19.3,10.2,W,ASTM,116
W 16X89,,132,425,263,13.3,22.2,10.2,W,ASTM,117
W 16X100,,149,431,265,14.9,25,10.2,W,ASTM,118
W 18X35,,52,450,152,7.6,10.8,10.2,W,ASTM,119
W 18X40,,60,455,153,8,13.3,10.2,W,ASTM,120
W 18X46,,68,459,154,9.1,15.4,10.2,W,ASTM,121
W 18X50,,74,457,190,9,14.5,10.2,W,ASTM,122
W 18X55,,82,460,191,9.9,16,10.2,W,ASTM,123
W 18X60,,89,463,192,10.5,17.7,10.2,W,ASTM,124
W 18X65,,97,466,193,11.4,19,10.2,W,ASTM,125
W 18X71,,106,469,194,12.6,20.6,10.2,W,ASTM,126
W 18X76,,113,463,280,10.8,17.3,10.2,W,ASTM,127
W 18X86,,128,467,282,12.2,19.6,10.2,W,ASTM,128
W 18X97,,144,472,283,13.6,22.1,10.2,W,ASTM,129
W 18X106,,158,476,284,15,23.9,10.2,W,ASTM,130
W 18X119,,177,482,286,16.6,26.9,10.2,W,ASTM,131
W 18X130,,193,489,283,17,30.5,10.2,W,ASTM,132
W 18X143,,213,495,285,18.5,33.5,10.2,W,ASTM,133
W 18X158,,235,501,287,20.6,36.6,10.2,W,ASTM,134
W 18X175,,260,509,289,22.6,40.4,10.2,W,ASTM,135
W 18X192,,286,517,291,24.4,44.4,10.2,W,ASTM,136
W 18X211,,315,525,293,26.9,48.5,10.2,W,ASTM,137
W 18X234,,349,535,296,29.5,53.6,10.2,W,ASTM,138
W 18X258,,384,545,299,32.5,58.4,10.2,W,ASTM,139
W 18X283,,421,555,302,35.6,63.5,12.7,W,ASTM,140
W 18X311,,464,567,305,38.6,69.6,12.7,W,ASTM,141
W 21X44,,66,525,165,8.9,11.4,13,W,ASTM,142
W 21X48,,72,524,207,9,10.9,13,W,ASTM,143
W 21X50,,74,529,166,9.7,13.6,13,W,ASTM,144
W 21X55,,82,528,209,9.5,13.3,13,W,ASTM,145
W 21X57,,85,535,166,10.3,16.5,13,W,ASTM,146
W 21X62,,92,533,209,10.2,15.6,13,W,ASTM,147
W 21X68,,101,537,210,10.9,17.4,13,W,ASTM,148
W 21X73,,109,539,211,11.6,18.8,13,W,ASTM,149
W 21X83,,123,544,212,13.1,21.2,13,W,ASTM,150
W 21X93,,138,549,214,14.7,23.6,13,W,ASTM,151
W 21X101,,150,543,312,12.7,20.3,13,W,ASTM,152
W 21X111,,165,546,313,14,22.2,13,W,ASTM,153
W 21X122,,182,551,315,15.2,24.4,13,W,ASTM,154
W 21X132,,196,554,316,16.5,26.3,13,W,ASTM,155
W 21X147,,219,560,318,18.3,29.2,13,W,ASTM,156
W 21X166,,248,571,315,19,34.5,13,W,ASTM,157
W 21X182,,272,577,317,21.1,37.6,13,W,ASTM,158
W 21X201,,300,585,319,23.1,41.4,13,W,ASTM,159
W 21X223,,332,593,322,25.4,45.5,13,W,ASTM,160
W 21X248,,369,603,324,27.9,50.5,13,W,ASTM,161
W 21X275,,409,613,327,31,55.6,13,W,ASTM,162
W 24X55,,82,599,178,10,12.8,13,W,ASTM,163
W 24X62,,92,603,179,10.9,15,13,W,ASTM,164
W 24X68,,101,603,228,10.5,14.9,13,W,ASTM,165
W 24X76,,113,608,228,11.2,17.3,13,W,ASTM,166
W 24X84,,125,612,229,11.9,19.6,13,W,ASTM,167
W 24X94,,140,617,230,13.1,22.2,13,W,ASTM,168
W 24X103,,153,623,229,14,24.9,13,W,ASTM,169
W 24X104,,155,611,324,12.7,19,16.5,W,ASTM,170
W 24X117,,174,616,325,14,21.6,16.5,W,ASTM,171
W 24X131,,195,622,327,15.4,24.4,16.5,W,ASTM,172
W 24X146,,217,628,328,16.5,27.7,16.5,W,ASTM,173
W 24X162,,241,635,329,17.9,31,16.5,W,ASTM,174
W 24X176,,262,641,327,19,34,16.5,W,ASTM,175
W 24X192,,285,647,329,20.6,37.1,16.5,W,ASTM,176
W 24X207,,307,653,330,22.1,39.9,16.5,W,ASTM,177
W 24X229,,341,661,333,24.4,43.9,16.5,W,ASTM,178
W 24X250,,372,669,335,26.4,48,16.5,W,ASTM,179
W 24X279,,415,679,338,29.5,53.1,16.5,W,ASTM,180
W 24X306,,455,689,340,32,57.9,16.5,W,ASTM,181
W 24X335,,498,699,343,35.1,63,16.5,W,ASTM,182
W 24X370,,551,711,347,38.6,69.1,16.5,W,ASTM,183
W 27X84,,125,678,253,11.7,16.3,15,W,ASTM,184
W 27X94,,140,684,254,12.4,18.9,15,W,ASTM,185
W 27X102,,152,688,254,13.1,21.1,15,W,ASTM,186
W 27X114,,170,693,256,14.5,23.6,15,W,ASTM,187
W 27X129,,192,702,254,15.5,27.9,15,W,ASTM,188
W 27X146,,217,695,355,15.4,24.8,15,W,ASTM,189
W 27X161,,240,701,356,16.8,27.4,15,W,ASTM,190
W 27X178,,265,706,358,18.4,30.2,15,W,ASTM,191
W 27X194,,289,714,356,19,34,15,W,ASTM,192
W 27X217,,323,722,359,21.1,38.1,15,W,ASTM,193
W 27X235,,350,728,360,23.1,40.9,15,W,ASTM,194
W 27X258,,384,736,362,24.9,45,15,W,ASTM,195
W 27X281,,419,744,364,26.9,49,15,W,ASTM,196
W 27X307,,457,752,367,29.5,53.1,15,W,ASTM,197
W 27X336,,500,762,369,32,57.9,15,W,ASTM,198
W 27X368,,548,772,372,35.1,63,15,W,ASTM,199
W 27X539,,802,826,387,50,89.9,15,W,ASTM,200
W 30X90,,134,750,264,11.9,15.5,28,W,ASTM,201
W 30X99,,147,753,265,13.2,17,28,W,ASTM,202
W 30X108,,161,758,266,13.8,19.3,28,W,ASTM,203
W 30X116,,173,762,267,14.4,21.6,28,W,ASTM,204
W 30X124,,185,766,267,14.9,23.6,28,W,ASTM,205
W 30X132,,196,770,268,15.6,25.4,28,W,ASTM,206
W 30X148,,220,779,266,16.5,30,28,W,ASTM,207
W 30X173,,257,773,381,16.6,27.1,28,W,ASTM,208
W 30X191,,284,779,382,18,30.1,28,W,ASTM,209
W 30X211,,314,786,384,19.7,33.4,28,W,ASTM,210
W 30X235,,350,795,382,21.1,38.1,28,W,ASTM,211
W 30X261,,389,803,385,23.6,41.9,28,W,ASTM,212
W 30X292,,434,813,387,25.9,47,28,W,ASTM,213
W 30X326,,484,823,390,29,52.1,28,W,ASTM,214
W 30X357,,531,833,393,31.5,56.9,28,W,ASTM,215
W 30X391,,582,843,396,34.5,62,28,W,ASTM,216
W 33X118,,176,835,292,14,18.8,18,W,ASTM,217
W 33X130,,193,840,292,14.7,21.7,18,W,ASTM,218
W 33X141,,210,846,293,15.4,24.4,18,W,ASTM,219
W 33X152,,226,851,294,16.1,26.8,18,W,ASTM,220
W 33X169,,251,859,292,17,31,18,W,ASTM,221
W 33X201,,299,855,400,18.2,29.2,18,W,ASTM,222
W 33X221,,329,862,401,19.7,32.4,18,W,ASTM,223
W 33X241,,359,868,403,21.1,35.6,18,W,ASTM,224
W 33X263,,392,877,401,22.1,39.9,18,W,ASTM,225
W 33X291,,433,885,404,24.4,43.9,18,W,ASTM,226
W 33X318,,473,893,406,26.4,48,18,W,ASTM,227
W 33X354,,527,903,409,29.5,53.1,18,W,ASTM,228
W 33X387,,576,913,411,32,57.9,18,W,ASTM,229
W 36X135,,201,903,304,15.2,20.1,19,W,ASTM,230
W 36X150,,223,911,304,15.9,23.9,19,W,ASTM,231
W 36X160,,238,915,305,16.5,25.9,19,W,ASTM,232
W 36X170,,253,919,306,17.3,27.9,19,W,ASTM,233
W 36X182,,271,923,307,18.4,30,19,W,ASTM,234
W 36X194,,289,927,308,19.4,32,19,W,ASTM,235
W 36X210,,313,932,309,21.1,34.5,19,W,ASTM,236
W 36X231,,344,927,418,19.3,32,19,W,ASTM,237
W 36X232,,345,943,308,22.1,39.9,19,W,ASTM,238
W 36X247,,368,931,419,20.3,34.3,19,W,ASTM,239
W 36X256,,381,951,310,24.4,43.9,19,W,ASTM,240
W 36X262,,390,936,420,21.3,36.6,30,W,ASTM,241
W 36X282,,420,943,422,22.5,39.9,30,W,ASTM,242
W 36X302,,449,948,423,24,42.7,30,W,ASTM,243
W 36X441,,656,987,431,34.5,62,30,W,ASTM,244
W 36X487,,725,999,434,38.1,68.1,30,W,ASTM,245
W 36X529,,787,1011,437,40.9,73.9,30,W,ASTM,246
W 36X652,,970,1043,446,50,89.9,30,W,ASTM,247
W 36X723,,1077,1061,451,55,99.1,30,W,ASTM,248
W 36X802,,1194,1081,457,60.5,109,30,W,ASTM,249
W 36X853,,1269,1093,461,64,115.1,30,W,ASTM,250
W 36X925,,1377,1093,473,76.7,115.1,30,W,ASTM,251
W 40X149,,222,970,300,16,21.1,30,W,ASTM,252
W 40X167,,249,980,300,16.5,26,30,W,ASTM,253
W 40X183,,272,990,300,16.5,31,30,W,ASTM,254
W 40X199,,296,982,400,16.5,27.1,30,W,ASTM,255
W 40X211,,314,1000,300,19.1,35.9,30,W,ASTM,256
W 40X215,,321,990,400,16.5,31,30,W,ASTM,257
W 40X235,,350,1008,302,21.1,40,30,W,ASTM,258
W 40X249,,371,1000,400,19,36.1,30,W,ASTM,259
W 40X264,,393,1016,303,24.4,43.9,30,W,ASTM,260
W 40X277,,412,1008,402,21.1,40,30,W,ASTM,261
W 40X278,,415,1020,304,26,46,30,W,ASTM,262
W 40X294,,438,1026,305,26.9,49,30,W,ASTM,263
W 40X297,,443,1012,402,23.6,41.9,30,W,ASTM,264
W 40X324,,483,1020,404,25.4,46,30,W,ASTM,265
W 40X327,,486,1036,308,30,54.1,30,W,ASTM,266
W 40X331,,494,1036,309,31,54,30,W,ASTM,267
W 40X362,,539,1030,407,28.4,51.1,30,W,ASTM,268
W 40X372,,554,1032,408,29.5,52,30,W,ASTM,269
W 40X392,,584,1056,314,36,64,30,W,ASTM,270
W 40X397,,591,1040,409,31,55.9,30,W,ASTM,271
W 40X431,,642,1048,412,34,60,30,W,ASTM,272
W 40X503,,748,1068,417,39,70,30,W,ASTM,273
W 40X593,,883,1092,424,45.5,82,30,W,ASTM,274
W 40X655,,976,1108,428,50,89.9,30,W,ASTM,275
W 44X230,,343,1090,400,18,31,20,W,ASTM,276
W 44X262,,390,1100,400,20,36,20,W,ASTM,277
W 44X290,,433,1108,402,22,40,20,W,ASTM,278
W 44X335,,499,1118,405,26,45,20,W,ASTM,279
W 44X368,,548,1128,407,28,50,20,W,ASTM,280
W 44X408,,607,1138,410,31,55,20,W,ASTM,281
UB 127X76X13,,13,127,76,4,7.6,7.6,UB,EN10365,0
UB 152X89X16,,16,152.4,88.7,4.5,7.7,7.6,UB,EN10365,1
UB 178X102X19,,19,177.8,101.2,4.8,7.9,7.6,UB,EN10365,2
UB 203X102X23,,23.1,203.2,101.8,5.4,9.3,7.6,UB,EN10365,3
UB 203X133X25,,25.1,203.2,133.2,5.7,7.8,7.6,UB,EN10365,4
UB 203X133X30,,30,206.8,133.9,6.4,9.6,7.6,UB,EN10365,5
UB 254X102X22,,22,254,101.6,5.7,6.8,7.6,UB,EN10365,6
UB 254X102X25,,25.2,257.2,101.9,6,8.4,7.6,UB,EN10365,7
UB 254X102X28,,28.3,260.4,102.2,6.3,10,7.6,UB,EN10365,8
UB 254X146X31,,31.1,251.4,146.1,6,8.6,7.6,UB,EN10365,9
UB 254X146X37,,37,256,146.4,6.3,10.9,7.6,UB,EN10365,10
UB 254X146X43,,43,259.6,147.3,7.2,12.7,7.6,UB,EN10365,11
UB 305X102X25,,24.8,305.1,101.6,5.8,7,7.6,UB,EN10365,12
UB 305X102X28,,28.2,308.7,101.8,6,8.8,7.6,UB,EN10365,13
UB 305X102X33,,32.8,312.7,102.4,6.6,10.8,7.6,UB,EN10365,14
UB 305X127X37,,37,304.4,123.4,7.1,10.7,8.9,UB,EN10365,15
UB 305X127X42,,41.9,307.2,124.3,8,12.1,8.9,UB,EN10365,16
UB 305X127X48,,48.1,311,125.3,9,14,8.9,UB,EN10365,17
UB 305X165X40,,40.3,303.4,165,6,10.2,8.9,UB,EN10365,18
UB 305X165X46,,46.1,306.6,165.7,6.7,11.8,8.9,UB,EN10365,19
UB 305X165X54,,54,310.4,166.9,7.9,13.7,8.9,UB,EN10365,20
UB 356X127X33,,33.1,349,125.4,6,8.5,10.2,UB,EN10365,21
UB 356X127X39,,39.1,353.4,126,6.6,10.7,10.2,UB,EN10365,22
UB 356X171X45,,45,351.4,171.1,7,9.7,10.2,UB,EN10365,23
UB 356X171X51,,51,355,171.5,7.4,11.5,10.2,UB,EN10365,24
UB 356X171X57,,57,358,172.2,8.1,13,10.2,UB,EN10365,25
UB 356X171X67,,67.1,363.4,173.2,9.1,15.7,10.2,UB,EN10365,26
UB 406X140X39,,39,398,141.8,6.4,8.6,10.2,UB,EN10365,27
UB 406X140X46,,46,403.2,142.2,6.8,11.2,10.2,UB,EN10365,28
UB 406X178X54,,54.1,402.6,177.7,7.7,10.9,10.2,UB,EN10365,29
UB 406X178X60,,60.1,406.4,177.9,7.9,12.8,10.2,UB,EN10365,30
UB 406X178X67,,67.1,409.4,178.8,8.8,14.3,10.2,UB,EN10365,31
UB 406X178X74,,74.2,412.8,179.5,9.5,16,10.2,UB,EN10365,32
UB 457X152X52,,52.3,449.8,152.4,7.6,10.9,10.2,UB,EN10365,33
UB 457X152X60,,59.8,454.6,152.9,8.1,13.3,10.2,UB,EN10365,34
UB 457X152X67,,67.2,458,153.8,9,15,10.2,UB,EN10365,35
UB 457X152X74,,74.2,462,154.4,9.6,17,10.2,UB,EN10365,36
UB 457X152X82,,82.1,465.8,155.3,10.5,18.9,10.2,UB,EN10365,37
UB 457X191X67,,67.1,453.4,189.9,8.5,12.7,10.2,UB,EN10365,38
UB 457X191X74,,74.3,457,190.4,9,14.5,10.2,UB,EN10365,39
UB 457X191X82,,82,460,191.3,9.9,16,10.2,UB,EN10365,40
UB 457X191X89,,89.3,463.4,191.9,10.5,17.7,10.2,UB,EN10365,41
UB 457X191X98,,98.3,467.2,192.8,11.4,19.6,10.2,UB,EN10365,42
UB 533X210X82,,82.2,528.3,208.8,9.6,13.2,12.7,UB,EN10365,43
UB 533X210X92,,92.1,533.1,209.3,10.1,15.6,12.7,UB,EN10365,44
UB 533X210X101,,101,536.7,210,10.8,17.4,12.7,UB,EN10365,45
UB 533X210X109,,109,539.5,210.8,11.6,18.8,12.7,UB,EN10365,46
UB 533X210X122,,122,544.5,211.9,12.7,21.3,12.7,UB,EN10365,47
UB 610X229X101,,101.2,602.6,227.6,10.5,14.8,12.7,UB,EN10365,48
UB 610X229X113,,113,607.6,228.2,11.1,17.3,12.7,UB,EN10365,49
UB 610X229X125,,125.1,612.2,229,11.9,19.6,12.7,UB,EN10365,50
UB 610X229X140,,139.9,617.2,230.2,13.1,22.1,12.7,UB,EN10365,51
UB 610X305X149,,149.1,612.4,304.8,11.8,19.7,16.5,UB,EN10365,52
UB 610X305X179,,179,620.2,307.1,14.1,23.6,16.5,UB,EN10365,53
UB 610X305X238,,238,635.8,311.4,18.4,31.4,16.5,UB,EN10365,54
UB 686X254X125,,125,677.9,253,11.7,16.2,15.2,UB,EN10365,55
UB 686X254X140,,140,683.5,253.7,12.4,19,15.2,UB,EN10365,56
UB 686X254X152,,152,687.5,254.5,13.2,21,15.2,UB,EN10365,57
UB 686X254X170,,170,692.9,255.8,14.5,23.7,15.2,UB,EN10365,58
UB 762X267X134,,134,750,264.4,12,15.5,16.5,UB,EN10365,59
UB 762X267X147,,147,754,265.2,12.8,17.5,16.5,UB,EN10365,60
UB 762X267X173,,173,762.2,266.7,14.3,21.6,16.5,UB,EN10365,61
UB 762X267X197,,197,769.8,268,15.6,25.4,16.5,UB,EN10365,62
UB 838X292X176,,176,834.9,291.7,14,18.8,17.8,UB,EN10365,63
UB 838X292X194,,194,840.7,292.4,14.7,21.7,17.8,UB,EN10365,64
UB 838X292X226,,226,850.9,293.8,16.1,26.8,17.8,UB,EN10365,65
UB 914X305X201,,201,903,303.3,15.1,20.2,19.1,UB,EN10365,66
UB 914X305X224,,224,910.4,304.1,15.9,23.9,19.1,UB,EN10365,67
UB 914X305X238,,238,915,305,16.5,25.9,19,UB,EN10365,68
UB 914X305X253,,253,918.4,305.5,17.3,27.9,19.1,UB,EN10365,69
UB 914X305X271,,271,923,307,18.4,30,19,UB,EN10365,70
UB 914X305X289,,289,926.6,307.7,19.5,32,19.1,UB,EN10365,71
UB 914X305X313,,313,932,309,21.1,34.5,19,UB,EN10365,72
UB 914X305X345,,345,943,308,22.1,39.9,19,UB,EN10365,73
UB 914X305X381,,381,951,310,24.4,43.9,19,UB,EN10365,74
UB 914X305X425,,425,961,313,26.9,49,19,UB,EN10365,75
UB 914X305X474,,474,971,316,30,54.1,19,UB,EN10365,76
UB 914X305X521,,521,981,319,33,58.9,19,UB,EN10365,77
UB 914X305X576,,576,993,322,36.1,65,19,UB,EN10365,78
UB 914X419X343,,343,911.8,418.5,19.4,32,24.1,UB,EN10365,79
UB 914X419X388,,388,921,420.5,21.4,36.6,24.1,UB,EN10365,80
UB 1016X305X222,,222,970,300,16,21.1,30,UB,EN10365,81
UB 1016X305X249,,249,980,300,16.5,26,30,UB,EN10365,82
UB 1016X305X272,,272,990,300,16.5,31,30,UB,EN10365,83
UB 1016X305X314,,314,1000,300,19.1,35.9,30,UB,EN10365,84
UB 1016X305X350,,350,1008,302,21.1,40,30,UB,EN10365,85
UB 1016X305X393,,393,1016,303,24.4,43.9,30,UB,EN10365,86
UB 1016X305X415,,415,1020,304,26,46,30,UB,EN10365,87
UB 1016X305X438,,438,1026,305,26.9,49,30,UB,EN10365,88
UB 1016X305X494,,494,1036,309,31,54,30,UB,EN10365,89
UB 1016X305X584,,584,1056,314,36,64,30,UB,EN10365,90
H 100X50,,9.3,100,50,5,7,8,H-JS,JIS G 3192,0
H 100X100,,16.9,100,100,6,8,8,H-JS,JIS G 3192,1
H 125X60,,13.1,125,60,6,8,8,H-JS,JIS G 3192,2
H 125X125,,23.6,125,125,6.5,9,8,H-JS,JIS G 3192,3
H 150X75,,14,150,75,5,7,8,H-JS,JIS G 3192,4
H 148X100,,20.7,148,100,6,9,8,H-JS,JIS G 3192,5
H 150X150,,31.1,150,150,7,10,8,H-JS,JIS G 3192,6
H 175X90,,18,175,90,5,8,8,H-JS,JIS G 3192,7
H 175X175,,40.4,175,175,7.5,11,13,H-JS,JIS G 3192,8
H 198X99,,17.8,198,99,4.5,7,8,H-JS,JIS G 3192,9
H 200X100,,20.9,200,100,5.5,8,8,H-JS,JIS G 3192,10
H 194X150,,29.9,194,150,6,9,8,H-JS,JIS G 3192,11
H 200X200,,49.9,200,200,8,12,13,H-JS,JIS G 3192,12
H 248X124,,25.1,248,124,5,8,8,H-JS,JIS G 3192,13
H 250X125,,29,250,125,6,9,8,H-JS,JIS G 3192,14
H 244X175,,43.6,244,175,7,11,13,H-JS,JIS G 3192,15
H 250X250,,71.8,250,250,9,14,13,H-JS,JIS G 3192,16
H 298X149,,32,298,149,5.5,8,13,H-JS,JIS G 3192,17
H 300X150,,36.7,300,150,6.5,9,13,H-JS,JIS G 3192,18
H 294X200,,55.8,294,200,8,12,13,H-JS,JIS G 3192,19
H 300X300,,93,300,300,10,15,13,H-JS,JIS G 3192,20
H 346X174,,41.2,346,174,6,9,13,H-JS,JIS G 3192,21
H 350X175,,49.4,350,175,7,11,13,H-JS,JIS G 3192,22
H 340X250,,78.1,340,250,9,14,13,H-JS,JIS G 3192,23
H 350X350,,135,350,350,12,19,13,H-JS,JIS G 3192,24
H 396X199,,56.1,396,199,7,11,13,H-JS,JIS G 3192,25
H 400X200,,65.4,400,200,8,13,13,H-JS,JIS G 3192,26
H 390X300,,105,390,300,10,16,13,H-JS,JIS G 3192,27
H 400X400,,172,400,400,13,21,22,H-JS,JIS G 3192,28
H 414X405,,232,414,405,18,28,22,H-JS,JIS G 3192,29
H 428X407,,283,428,407,20,35,22,H-JS,JIS G 3192,30
H 458X417,,415,458,417,30,50,22,H-JS,JIS G 3192,31
H 498X432,,605,498,432,45,70,22,H-JS,JIS G 3192,32
H 446X199,,65.1,446,199,8,12,13,H-JS,JIS G 3192,33
H 450X200,,74.9,450,200,9,14,13,H-JS,JIS G 3192,34
H 440X300,,121,440,300,11,18,13,H-JS,JIS G 3192,35
H 496X199,,77.9,496,199,9,14,13,H-JS,JIS G 3192,36
H 500X200,,88.2,500,200,10,16,13,H-JS,JIS G 3192,37
H 482X300,,111,482,300,11,15,13,H-JS,JIS G 3192,38
H 488X300,,125,488,300,11,18,13,H-JS,JIS G 3192,39
H 596X199,,92.5,596,199,10,15,13,H-JS,JIS G 3192,40
H 600X200,,103,600,200,11,17,13,H-JS,JIS G 3192,41
H 582X300,,133,582,300,12,17,13,H-JS,JIS G 3192,42
H 588X300,,147,588,300,12,20,13,H-JS,JIS G 3192,43
H 594X302,,170,594,302,14,23,13,H-JS,JIS G 3192,44
H 692X300,,163,692,300,13,20,18,H-JS,JIS G 3192,45
H 700X300,,182,700,300,13,24,18,H-JS,JIS G 3192,46
H 792X300,,188,792,300,14,22,18,H-JS,JIS G 3192,47
H 800X300,,207,808,302,16,30,18,H-JS,JIS G 3192,48
H 890X299,,210,890,299,15,23,18,H-JS,JIS G 3192,49
H 900X300,,240,900,300,16,28,18,H-JS,JIS G 3192,50
H 912X302,,283,912,302,18,34,18,H-JS,JIS G 3192,51
H 918X303,,304,918,303,19,37,18,H-JS,JIS G 3192,52
H 100X50,,9.3,100,50,5,7,8,H-KS,KS D3502,0
H 100X100,,17.2,100,100,6,8,10,H-KS,KS D3502,1
H 125X60,,13.2,125,60,6,8,9,H-KS,KS D3502,2
H 125X125,,23.8,125,125,6.5,9,10,H-KS,KS D3502,3
H 150X75,,14,150,75,5,7,8,H-KS,KS D3502,4
H 148X100,,21.1,148,100,6,9,11,H-KS,KS D3502,5
H 150X150,,31.5,150,150,7,10,11,H-KS,KS D3502,6
H 175X90,,18.1,175,90,5,8,9,H-KS,KS D3502,7
H 175X175,,40.2,175,175,7.5,11,12,H-KS,KS D3502,8
H 198X99,,18.2,198,99,4.5,7,11,H-KS,KS D3502,9
H 200X100,,21.3,200,100,5.5,8,11,H-KS,KS D3502,10
H 194X150,,30.6,194,150,6,9,13,H-KS,KS D3502,11
H 200X200,,49.9,200,200,8,12,13,H-KS,KS D3502,12
H 200X204,,56.2,200,204,12,12,13,H-KS,KS D3502,13
H 208X202,,65.7,208,202,10,16,13,H-KS,KS D3502,14
H 248X124,,25.7,248,124,5,8,12,H-KS,KS D3502,15
H 250X125,,29.6,250,125,6,9,12,H-KS,KS D3502,16
H 244X175,,44.1,244,175,7,11,16,H-KS,KS D3502,17
H 244X252,,64.4,244,252,11,11,16,H-KS,KS D3502,18
H 248X249,,66.5,248,249,8,13,16,H-KS,KS D3502,19
H 250X250,,72.4,250,250,9,14,16,H-KS,KS D3502,20
H 250X255,,82.2,250,255,14,14,16,H-KS,KS D3502,21
H 298X149,,32,298,149,5.5,8,13,H-KS,KS D3502,22
H 300X150,,36.7,300,150,6.5,9,13,H-KS,KS D3502,23
H 294X200,,56.8,294,200,8,12,18,H-KS,KS D3502,24
H 298X201,,65.4,298,201,9,14,18,H-KS,KS D3502,25
H 294X302,,84.5,294,302,12,12,18,H-KS,KS D3502,26
H 298X299,,87,298,299,9,14,18,H-KS,KS D3502,27
H 300X300,,94,300,300,10,15,18,H-KS,KS D3502,28
H 300X305,,106,300,305,15,15,18,H-KS,KS D3502,29
H 304X301,,106,304,301,11,17,18,H-KS,KS D3502,30
H 310X305,,130,310,305,15,20,18,H-KS,KS D3502,31
H 310X310,,142,310,310,20,20,18,H-KS,KS D3502,32
H 346X174,,41.4,346,174,6,9,14,H-KS,KS D3502,33
H 350X175,,49.6,350,175,7,11,14,H-KS,KS D3502,34
H 354X176,,57.8,354,176,8,13,14,H-KS,KS D3502,35
H 336X249,,69.2,336,249,8,12,20,H-KS,KS D3502,36
H 340X250,,79.7,340,250,9,14,20,H-KS,KS D3502,37
H 338X351,,106,338,351,13,13,20,H-KS,KS D3502,38
H 344X348,,115,344,348,10,16,20,H-KS,KS D3502,39
H 344X354,,131,344,354,16,16,20,H-KS,KS D3502,40
H 350X350,,137,350,350,12,19,20,H-KS,KS D3502,41
H 350X357,,156,350,357,19,19,20,H-KS,KS D3502,42
H 396X199,,56.6,396,199,7,11,16,H-KS,KS D3502,43
H 400X200,,66,400,200,8,13,16,H-KS,KS D3502,44
H 404X201,,75.5,404,201,9,15,16,H-KS,KS D3502,45
H 386X299,,94.3,386,299,9,14,22,H-KS,KS D3502,46
H 390X300,,107,390,300,10,16,22,H-KS,KS D3502,47
H 388X402,,140,388,402,15,15,22,H-KS,KS D3502,48
H 394X398,,147,394,398,11,18,22,H-KS,KS D3502,49
H 394X405,,168,394,405,18,18,22,H-KS,KS D3502,50
H 400X400,,172,400,400,13,21,22,H-KS,KS D3502,51
H 400X408,,197,400,408,21,21,22,H-KS,KS D3502,52
H 406X403,,200,406,403,16,24,22,H-KS,KS D3502,53
H 414X405,,232,414,405,18,28,22,H-KS,KS D3502,54
H 428X407,,283,428,407,20,35,22,H-KS,KS D3502,55
H 458X417,,415,458,417,30,50,22,H-KS,KS D3502,56
H 498X432,,605,498,432,45,70,22,H-KS,KS D3502,57
H 446X199,,66.2,446,199,8,12,18,H-KS,KS D3502,58
H 450X200,,76,450,200,9,14,18,H-KS,KS D3502,59
H 434X299,,106,434,299,10,15,24,H-KS,KS D3502,60
H 440X300,,124,440,300,11,18,24,H-KS,KS D3502,61
H 496X199,,79.5,496,199,9,14,20,H-KS,KS D3502,62
H 500X200,,89.6,500,200,10,16,20,H-KS,KS D3502,63
H 506X201,,103,506,201,11,19,20,H-KS,KS D3502,64
H 482X300,,114,482,300,11,15,26,H-KS,KS D3502,65
H 488X300,,128,488,300,11,18,26,H-KS,KS D3502,66
H 596X199,,94.6,596,199,10,15,22,H-KS,KS D3502,67
H 600X200,,106,600,200,11,17,22,H-KS,KS D3502,68
H 606X201,,120,606,201,12,20,22,H-KS,KS D3502,69
H 612X202,,134,612,202,13,23,22,H-KS,KS D3502,70
H 582X300,,137,582,300,12,17,28,H-KS,KS D3502,71
H 588X300,,151,588,300,12,20,28,H-KS,KS D3502,72
H 594X302,,175,594,302,14,23,28,H-KS,KS D3502,73
H 692X300,,166,692,300,13,20,28,H-KS,KS D3502,74
H 696X300,,175,696,300,13,22,28,H-KS,KS D3502,75
H 700X300,,185,700,300,13,24,28,H-KS,KS D3502,76
H 702X301,,195,702,301,14,25,28,H-KS,KS D3502,77
H 708X302,,215,708,302,15,28,28,H-KS,KS D3502,78
H 714X303,,235,714,303,16,31,28,H-KS,KS D3502,79
H 792X300,,191,792,300,14,22,28,H-KS,KS D3502,80
H 796X300,,200,796,300,14,24,28,H-KS,KS D3502,81
H 800X300,,210,800,300,14,26,28,H-KS,KS D3502,82
H 802X301,,221,802,301,15,27,28,H-KS,KS D3502,83
H 808X302,,241,808,302,16,30,28,H-KS,KS D3502,84
H 814X303,,262,814,303,17,33,28,H-KS,KS D3502,85
H 890X299,,213,890,299,15,23,28,H-KS,KS D3502,86
H 894X299,,222,894,299,15,25,28,H-KS,KS D3502,87
H 900X300,,243,900,300,16,28,28,H-KS,KS D3502,88
H 906X301,,264,906,301,17,31,28,H-KS,KS D3502,89
H 912X302,,286,912,302,18,34,28,H-KS,KS D3502,90
H 918X303,,307,918,303,19,37,28,H-KS,KS D3502,91
150 UB 14,,14,150,75,5,7,8,UB,AS 3679.2,0
150 UB 18,,18,155,75,6,9.5,8,UB,AS 3679.2,1
180 UB 16.1,,16.1,173,90,4.5,7,8.9,UB,AS 3679.2,2
180 UB 18.1,,18.1,175,90,5,8,8.9,UB,AS 3679.2,3
180 UB 22.2,,22.2,179,90,6,10,8.9,UB,AS 3679.2,4
200 UB 18.2,,18.2,198,99,4.5,7,11,UB,AS 3679.2,5
200 UB 22.3,,22.3,201.6,133,5,7,8.9,UB,AS 3679.2,6
200 UB 25.4,,25.4,203.2,133,5.8,7.8,8.9,UB,AS 3679.2,7
200 UB 29.8,,29.8,207,134,6.3,9.6,8.9,UB,AS 3679.2,8
250 UB 25.7,,25.7,248,124,5,8,12,UB,AS 3679.2,9
250 UB 31.4,,31.4,251.6,146,6.1,8.6,8.9,UB,AS 3679.2,10
250 UB 37.3,,37.3,256.2,146,6.4,10.9,8.9,UB,AS 3679.2,11
310 UB 32,,32,298,149,5.5,8,13,UB,AS 3679.2,12
310 UB 40.4,,40.4,304,165,6.1,10.2,11.4,UB,AS 3679.2,13
310 UB 46.2,,46.2,307.2,166,6.7,11.8,11.4,UB,AS 3679.2,14
360 UB 44.7,,44.7,352,171,6.9,9.7,11.4,UB,AS 3679.2,15
360 UB 50.7,,50.7,356,171,7.3,11.5,11.4,UB,AS 3679.2,16
360 UB 56.7,,56.7,359,172,8,13,11.4,UB,AS 3679.2,17
410 UB 53.7,,59.7,403,178,7.6,10.9,11.4,UB,AS 3679.2,18
410 UB 59.7,,59.7,406.4,178,7.8,12.8,11.4,UB,AS 3679.2,19
460 UB 67.1,,67.1,453.8,190,8.5,12.7,11.4,UB,AS 3679.2,20
460 UB 74.6,,74.6,457.4,190,9.1,14.5,11.4,UB,AS 3679.2,21
460 UB 82.1,,82.1,460.4,191,9.9,16,11.4,UB,AS 3679.2,22
530 UB 82,,82.5,528.2,209,9.6,13.2,14,UB,AS 3679.2,23
530 UB 92.4,,92.4,533,209,10.2,15.6,14,UB,AS 3679.2,24
610 UB 101,,101,602,228,10.6,14.8,14,UB,AS 3679.2,25
610 UB 113,,113,607,228,11.2,17.3,14,UB,AS 3679.2,26
610 UB 125,,125,611.6,229,11.9,19.6,14,UB,AS 3679.2,27
690 UB 125,,125,677.9,253,11.7,16.2,15.2,UB,AS 3679.2,28
690 UB 140,,140,683.5,253.7,12.4,19,15.2,UB,AS 3679.2,29
690 UB 147,,147,754,265.2,12.8,17.5,16.5,UB,AS 3679.2,30
690 UB 173,,173,762.2,266.7,14.3,21.6,16.5,UB,AS 3679.2,31
760 UB 197,,197,769.8,268,15.6,25.4,16.5,UB,AS 3679.2,32
760 UB 220,,220,775.5,269.8,17.4,28.3,16.5,UB,AS 3679.2,33
760 UB 244,,244,781.3,271.6,19.3,31.3,16.5,UB,AS 3679.2,34
700 WB 115,,115,692,250,10,16,0,UB,AS 3679.2,35
700 WB 130,,130,700,250,10,20,0,UB,AS 3679.2,36
700 WB 150,,150,710,250,10,25,0,UB,AS 3679.2,37
700 WB 173,,173,716,275,10,28,0,UB,AS 3679.2,38
800 WB 122,,122,792,250,10,16,0,UB,AS 3679.2,39
800 WB 146,,146,800,275,10,20,0,UB,AS 3679.2,40
800 WB 168,,168,810,275,10,25,0,UB,AS 3679.2,41
800 WB 192,,192,816,300,10,28,0,UB,AS 3679.2,42
900 WB 175,,175,900,300,12,20,0,UB,AS 3679.2,43
900 WB 218,,218,910,350,12,25,0,UB,AS 3679.2,44
900 WB 257,,257,916,400,12,28,0,UB,AS 3679.2,45
900 WB 282,,282,924,400,12,32,0,UB,AS 3679.2,46
1000 WB 322,,322,1024,400,16,32,0,UB,AS 3679.2,47
1000 WB 296,,296,1016,400,16,28,0,UB,AS 3679.2,48
1000 WB 258,,258,1010,350,16,25,0,UB,AS 3679.2,49
1000 WB 215,,215,1000,300,16,20,0,UB,AS 3679.2,50
1200 WB 249,,249,1170,275,16,25,0,UB,AS 3679.2,51
1200 WB 278,,278,1170,350,16,25,0,UB,AS 3679.2,52
1200 WB 317,,317,1176,400,16,28,0,UB,AS 3679.2,53
1200 WB 342,,342,1184,400,16,32,0,UB,AS 3679.2,54
1200 WB 392,,392,1184,500,16,32,0,UB,AS 3679.2,55
1200 WB 423,,423,1192,500,16,36,0,UB,AS 3679.2,56
1200 WB 455,,455,1200,500,16,40,0,UB,AS 3679.2,57
IPN 80,,5.9,80,42,3.9,5.9,3.9,IPN,EN10365,0
IPN 100,,8.3,100,50,4.5,6.8,4.5,IPN,EN10365,1
IPN 120,,11.1,120,58,5.1,7.7,5.1,IPN,EN10365,2
IPN 140,,14.3,140,66,5.7,8.6,5.7,IPN,EN10365,3
IPN 160,,17.9,160,74,6.3,9.5,6.3,IPN,EN10365,4
IPN 180,,21.9,180,82,6.9,10.4,6.9,IPN,EN10365,5
IPN 200,,26.2,200,90,7.5,11.3,7.5,IPN,EN10365,6
IPN 220,,31.1,220,98,8.1,12.2,8.1,IPN,EN10365,7
IPN 240,,36.2,240,106,8.7,13.1,8.7,IPN,EN10365,8
IPN 260,,41.9,260,113,9.4,14.1,9.4,IPN,EN10365,9
IPN 280,,47.9,280,119,10.1,15.2,10.1,IPN,EN10365,10
IPN 300,,54.2,300,125,10.8,16.2,10.8,IPN,EN10365,11
IPN 320,,61,320,131,11.5,17.3,11.5,IPN,EN10365,12
IPN 340,,68,340,137,12.2,18.3,12.2,IPN,EN10365,13
IPN 360,,76.1,360,143,13,19.5,13,IPN,EN10365,14
IPN 380,,84,380,149,13.7,20.5,13.7,IPN,EN10365,15
IPN 400,,92.4,400,155,14.4,21.6,14.4,IPN,EN10365,16
IPN 450,,115,450,170,16.2,24.3,16.2,IPN,EN10365,17
IPN 500,,141,500,185,18,27,18,IPN,EN10365,18
IPN 550,,166,550,200,19,30,19,IPN,EN10365,19
IPN 600,,199,600,215,21.6,32.4,21.6,IPN,EN10365,20
S 3X5.7,,8.5,76,59,4.3,6.6,0,S,ASTM,0
S 3X7.5,,11.2,76,64,8.9,6.6,0,S,ASTM,1
S 4X7.7,,11.5,102,68,4.9,7.4,0,S,ASTM,2
S 4X9.5,,14.1,102,71,8.3,7.4,0,S,ASTM,3
S 5X10,,15,127,76,5.4,8.3,0,S,ASTM,4
S 6X12.5,,18.6,152,85,5.9,9.1,0,S,ASTM,5
S 6X17.25,,25.7,152,91,11.8,9.1,0,S,ASTM,6
S 8X18.4,,27.4,203,102,6.9,10.8,0,S,ASTM,7
S 8X23,,34,203,106,11.2,10.8,0,S,ASTM,8
S 10X25.4,,37.8,254,118,7.9,12.5,0,S,ASTM,9
S 10X35,,52,254,126,15.1,12.5,0,S,ASTM,10
S 12X31.8,,47.3,305,127,8.9,13.8,0,S,ASTM,11
S 12X35,,52,305,129,10.9,13.8,0,S,ASTM,12
S 12X40.8,,60.7,305,133,11.7,16.7,0,S,ASTM,13
S 12X50,,74,305,139,17.4,16.7,0,S,ASTM,14
S 15X42.9,,64,381,140,10.4,15.8,0,S,ASTM,15
S 15X50,,74,381,143,14,15.8,0,S,ASTM,16
S 18X54.7,,81.4,457,152,11.7,17.6,0,S,ASTM,17
S 18X70,,104,457,159,18.1,17.6,0,S,ASTM,18
S 20X66,,98,508,159,12.8,20.2,0,S,ASTM,19
S 20X75,,112,508,162,16.1,20.2,0,S,ASTM,20
S 20X86,,128,516,179,16.8,23.4,0,S,ASTM,21
S 20X96,,143,516,183,20.3,23.4,0,S,ASTM,22
S 24X80,,119,610,178,12.7,22.1,0,S,ASTM,23
S 24X90,,134,610,181,15.9,22.1,0,S,ASTM,24
S 24X100,,149,610,184,18.9,22.1,0,S,ASTM,25
S 24X106,,158,622,200,15.7,27.7,0,S,ASTM,26
S 24X121,,180,622,204,20.3,27.7,0,S,ASTM,27
J 76X76X13,,12.8,76.2,76.2,5.1,8.4,9.4,J,EN10365,0
J 76X76X15,,15,76.2,80,8.9,8.4,9.4,J,EN10365,1
J 89X89X19,,19.5,88.9,88.9,9.5,9.9,11.1,J,EN10365,2
J 102X44X7,,7.5,101.6,44.5,4.3,6.1,6.9,J,EN10365,3
J 102X102X23,,23,101.6,101.6,9.5,10.3,11.1,J,EN10365,4
J 114X114X27,,26.9,114.3,114.3,9.5,10.7,15.2,J,EN10365,5
J 127X76X16,,16.5,127,76.2,5.6,9.6,9.4,J,EN10365,6
J 127X114X27,,26.9,127,114.3,7.4,11.4,9.9,J,EN10365,7
J 127X114X29,,29.3,127,114.3,10.2,11.5,9.9,J,EN10365,8
J 152X127X37,,37.3,152.4,127,10.4,13.2,13.5,J,EN10365,9
J 203X152X52,,52.3,203.2,152.4,8.9,16.5,15.5,J,EN10365,10
J 254X114X37,,37.2,254,114.3,7.6,12.8,12.4,J,EN10365,11
J 254X203X82,,82,254,203.2,10.2,19.9,21.4,J,EN10365,12
100X75,,12.9,100,75,5,8,7,IB,JIS G 3192,0
 125X75,,16.1,150,75,5.5,9.5,9,IB,JIS G 3192,1
150X75,,17.1,150,75,5.5,9.5,9,IB,JIS G 3192,2
150X125,,36.2,150,125,8.5,14,13,IB,JIS G 3192,3
180X100,,23.6,180,100,6,10,10,IB,JIS G 3192,4
200X100,,26,200,100,7,10,10,IB,JIS G 3192,5
200X150,,50.4,200,150,9,16,15,IB,JIS G 3192,6
250X125,,38.3,250,125,7.5,12.5,12,IB,JIS G 3192,7
250X125,,55.5,250,125,10,19,21,IB,JIS G 3192,8
300X150,,48.3,300,150,8,13,12,IB,JIS G 3192,9
300X150,,65.5,300,150,10,18.5,19,IB,JIS G 3192,10
300X150,,76.8,300,150,11.5,22,23,IB,JIS G 3192,11
350X150,,58.5,300,150,9,15,13,IB,JIS G 3192,12
350X150,,87.2,350,150,12,24,25,IB,JIS G 3192,13
400X150,,72,400,150,10,18,17,IB,JIS G 3192,14
400X150,,95.8,400,150,12.5,25,27,IB,JIS G 3192,15
450X175,,91.7,450,175,11,20,19,IB,JIS G 3192,16
450X175,,115,450,175,13,26,27,IB,JIS G 3192,17
600X190,,133,600,190,13,25,25,IB,JIS G 3192,18
600X190,,176,600,190,16,35,38,IB,JIS G 3192,19
HD 260X68.2,,68.2,250,260,7.5,12.5,24,HD,EN10365,0
HD 260X93.0,,93,260,260,10,17.5,24,HD,EN10365,1
HD 260X114,,114,268,262,12.5,21.5,24,HD,EN10365,2
HD 260X142,,142,278,265,15.5,26.5,24,HD,EN10365,3
HD 260X172,,172,290,268,18,32.5,24,HD,EN10365,4
HD 260X225,,225,309,271,24,42,24,HD,EN10365,5
HD 260X299,,299,335,278,31,55,24,HD,EN10365,6
HD 320X74.2,,74.2,301,300,8,11,27,HD,EN10365,7
HD 320X97.6,,97.6,310,300,9,15.5,27,HD,EN10365,8
HD 320X127,,127,320,300,11.5,20.5,27,HD,EN10365,9
HD 320X158,,158,330,303,14.5,25.5,27,HD,EN10365,10
HD 320X198,,198,343,306,18,32,27,HD,EN10365,11
HD 320X245,,245,359,309,21,40,27,HD,EN10365,12
HD 320X300,,300,375,313,27,48,27,HD,EN10365,13
HD 360X134,,134,356,369,11.2,18,15,HD,EN10365,14
HD 360X147,,147,360,370,12.3,19.8,15,HD,EN10365,15
HD 360X162,,162,364,371,13.3,21.8,15,HD,EN10365,16
HD 360X179,,179,368,373,15,23.9,15,HD,EN10365,17
HD 360X196,,196,372,374,16.4,26.2,15,HD,EN10365,18
HD 400X187,,187,368,391,15,24,15,HD,EN10365,19
HD 400X216,,216,375,394,17.3,27.7,15,HD,EN10365,20
HD 400X237,,237,380,395,18.9,30.2,15,HD,EN10365,21
HD 400X262,,262,387,398,21.1,33.3,15,HD,EN10365,22
HD 400X287,,287,393,399,22.6,36.6,15,HD,EN10365,23
HD 400X314,,314,399,401,24.9,39.6,15,HD,EN10365,24
HD 400X347,,347,407,404,27.2,43.7,15,HD,EN10365,25
HD 400X382,,382,416,406,29.8,48,15,HD,EN10365,26
HD 400X421,,421,425,409,32.8,52.6,15,HD,EN10365,27
HD 400X463,,463,435,412,35.8,57.4,15,HD,EN10365,28
HD 400X509,,509,446,416,39.1,62.7,15,HD,EN10365,29
HD 400X551,,551,455,418,42,67.6,15,HD,EN10365,30
HD 400X592,,592,465,421,45,72.3,15,HD,EN10365,31
HD 400X634,,634,474,424,47.6,77.1,15,HD,EN10365,32
HD 400X677,,677,483,428,51.2,81.5,15,HD,EN10365,33
HD 400X744,,744,498,432,55.6,88.9,15,HD,EN10365,34
HD 400X818,,818,514,437,60.5,97,15,HD,EN10365,35
HD 400X900,,900,531,442,65.9,106,15,HD,EN10365,36
HD 400X990,,990,550,448,71.9,115,15,HD,EN10365,37
HD 400X1086,,1086,569,454,78,125,15,HD,EN10365,38
HD 400X1202,,1202,580,471,95,130,15,HD,EN10365,39
HD 400X1299,,1299,600,476,100,140,15,HD,EN10365,40
UC 152X152X23,,23,152.4,152.2,5.8,6.8,7.6,UC,EN10365,0
UC 152X152X30,,30,157.6,152.9,6.5,9.4,7.6,UC,EN10365,1
UC 152X152X37,,37,161.8,154.4,8,11.5,7.6,UC,EN10365,2
UC 203X203X46,,46.1,203.2,203.6,7.2,11,10.2,UC,EN10365,3
UC 203X203X52,,52,206.2,204.3,7.9,12.5,10.2,UC,EN10365,4
UC 203X203X60,,60,209.6,205.8,9.4,14.2,10.2,UC,EN10365,5
UC 203X203X71,,71,215.8,206.4,10,17.3,10.2,UC,EN10365,6
UC 203X203X86,,86.1,222.2,209.1,12.7,20.5,10.2,UC,EN10365,7
UC 254X254X73,,73.1,254.1,254.6,8.6,14.2,12.7,UC,EN10365,8
UC 254X254X89,,88.9,260.3,256.3,10.3,17.3,12.7,UC,EN10365,9
UC 254X254X107,,107.1,266.7,258.8,12.8,20.5,12.7,UC,EN10365,10
UC 254X254X132,,132,276.3,261.3,15.3,25.3,12.7,UC,EN10365,11
UC 254X254X167,,167,289.1,265.2,19.2,31.7,12.7,UC,EN10365,12
UC 305X305X97,,96.9,307.9,305.3,9.9,15.4,15.2,UC,EN10365,13
UC 305X305X118,,118,314.5,307.4,12,18.7,15.2,UC,EN10365,14
UC 305X305X137,,137,320.5,309.2,13.8,21.7,15.2,UC,EN10365,15
UC 305X305X158,,158,327.1,311.2,15.8,25,15.2,UC,EN10365,16
UC 305X305X198,,198,339.9,314.5,19.1,31.4,15.2,UC,EN10365,17
UC 305X305X240,,240,352.5,318.4,23,37.7,15.2,UC,EN10365,18
UC 305X305X283,,283,365.3,322.2,26.8,44.1,15.2,UC,EN10365,19
UC 356X368X129,,129,355.6,368.6,10.4,17.5,15.2,UC,EN10365,20
UC 356X368X153,,153,362,370.5,12.3,20.7,15.2,UC,EN10365,21
UC 356X368X177,,177,368.2,372.6,14.4,23.8,15.2,UC,EN10365,22
UC 356X368X202,,202,374.6,374.7,16.5,27,15.2,UC,EN10365,23
UC 356X406X235,,235,381,394.8,18.4,30.2,15.2,UC,EN10365,24
UC 356X406X287,,287,393.6,399,22.6,36.5,15.2,UC,EN10365,25
UC 356X406X340,,340,406.4,403,26.6,42.9,15.2,UC,EN10365,26
UC 356X406X393,,393,419,407,30.6,49.2,15.2,UC,EN10365,27
UC 356X406X467,,467,436.6,412.2,35.8,58,15.2,UC,EN10365,28
UC 356X406X509,,509,446,416,39.1,62.7,15,UC,EN10365,29
UC 356X406X551,,551,455.6,418.5,42.1,67.5,15.2,UC,EN10365,30
UC 356X406X592,,592,465,421,45,72.3,15,UC,EN10365,31
UC 356X406X634,,634,474.6,424,47.6,77,15.2,UC,EN10365,32
UC 356X406X677,,677,483,428,51.2,81.5,15,UC,EN10365,33
UC 356X406X744,,744,498,432,55.6,88.9,15,UC,EN10365,34
UC 356X406X818,,818,514,437,60.5,97,15,UC,EN10365,35
UC 356X406X900,,900,531,442,65.9,106,15,UC,EN10365,36
UC 356X406X990,,990,550,448,71.9,115,15,UC,EN10365,37
UC 356X406X1086,,1086,569,454,78,125,15,UC,EN10365,38
UC 356X406X1202,,1202,580,471,95,130,15.4,UC,EN10365,39
UC 356X406X1299,,1299,600,476,100,140,15.4,UC,EN10365,40
100 UC 14.8,,14.8,97,99,5,7,10,UC,AS 3679.2,41
150 UC 23.4,,23.4,152.4,152,6.1,6.8,8.9,UC,AS 3679.2,42
150 UC 30.0,,30,157.6,153,6.6,9.4,8.9,UC,AS 3679.2,43
150 UC 37.2,,37.2,161.8,154,8.1,11.5,8.9,UC,AS 3679.2,44
200 UC 46.2,,46.2,203.4,203,7.3,11,11.4,UC,AS 3679.2,45
200 UC 52.2,,52.2,206.4,204,8,12.5,11.4,UC,AS 3679.2,46
200 UC 59.5,,59.5,209.8,205,9.3,14.2,11.4,UC,AS 3679.2,47
250 UC 72.9,,72.9,254,254,8.6,14.2,11.4,UC,AS 3679.2,48
250 UC 89.5,,89.5,260,256,10.5,17.3,11.4,UC,AS 3679.2,49
310 UC 96.8,,96.8,308,305,9.9,15.4,16.5,UC,AS 3679.2,50
310 UC 118,,118,314.6,307,11.9,18.7,16.5,UC,AS 3679.2,51
310 UC 137,,137,320.6,309,13.8,21.7,16.5,UC,AS 3679.2,52
310 UC 158,,158,327.2,311,15.7,25,16.5,UC,AS 3679.2,53
350 WC 197,,197,331,350,20,28,0,UC,AS 3679.2,54
350 WC 230,,230,339,350,25,32,0,UC,AS 3679.2,55
350 WC 258,,258,347,350,28,36,0,UC,AS 3679.2,56
350 WC 280,,280,355,350,28,40,0,UC,AS 3679.2,57
400 WC 361,,361,430,400,40,40,0,UC,AS 3679.2,58
400 WC 328,,328,430,400,28,40,0,UC,AS 3679.2,59
400 WC 303,,303,422,400,28,36,0,UC,AS 3679.2,60
400 WC 270,,270,414,400,25,32,0,UC,AS 3679.2,61
400 WC 212,,212,400,400,20,25,0,UC,AS 3679.2,62
400 WC 181,,181,390,400,20,20,0,UC,AS 3679.2,63
400 WC 144,,144,382,400,16,16,0,UC,AS 3679.2,64
500 WC 440,,440,480,500,40,40,0,UC,AS 3679.2,65
500 WC 414,,414,480,500,32,40,0,UC,AS 3679.2,66
500 WC 383,,383,472,500,32,36,0,UC,AS 3679.2,67
500 WC 340,,340,514,500,25,32,0,UC,AS 3679.2,68
500 WC 290,,290,506,500,20,28,0,UC,AS 3679.2,69
500 WC 267,,267,500,500,20,25,0,UC,AS 3679.2,70
500 WC 228,,228,490,500,20,20,0,UC,AS 3679.2,71
HP 200X43,,42.5,200,205,9,9,14,HP,EN10365,0
HP 200X53,,53.5,204,207,11.3,11.3,14,HP,EN10365,1
HP 220X57,,57.2,210,224.5,11,11,18,HP,EN10365,2
HP 260X75,,75,249,265,12,12,24,HP,EN10365,3
HP 260X87,,87.3,253,267,14,14,24,HP,EN10365,4
HP 305X79,,78.9,299.3,306.4,11,11.1,15.2,HP,EN10365,5
HP 305X88,,88.5,301.7,307.8,12.4,12.3,15.2,HP,EN10365,6
HP 305X95,,94.9,303.7,308.7,13.3,13.3,15.2,HP,EN10365,7
HP 305X110,,110,307.9,310.7,15.3,15.4,15.2,HP,EN10365,8
HP 305X126,,126,312.3,312.9,17.5,17.6,15.2,HP,EN10365,9
HP 305X149,,149,318.5,316,20.6,20.7,15.2,HP,EN10365,10
HP 305X180,,180,326.7,319.7,24.8,24.8,15.2,HP,EN10365,11
HP 305X186,,186,328.3,320.9,25.5,25.6,15.2,HP,EN10365,12
HP 305X223,,223,337.9,325.7,30.3,30.4,15.2,HP,EN10365,13
HP 320X88,,88.5,303,304,12,12,27,HP,EN10365,14
HP 320X103,,103,307,306,14,14,27,HP,EN10365,15
HP 320X117,,117,311,308,16,16,27,HP,EN10365,16
HP 320X147,,147,319,312,20,20,27,HP,EN10365,17
HP 320X184,,184,329,317,25,25,27,HP,EN10365,18
HP 360X109,,109,346.4,371,12.8,12.9,15.2,HP,EN10365,19
HP 360X133,,133,352,373.8,15.6,15.7,15.2,HP,EN10365,20
HP 360X152,,152,356.4,376,17.8,17.9,15.2,HP,EN10365,21
HP 360X174 ,,174,361.4,378.5,20.3,20.4,15.2,HP,EN10365,22
HP 360X180,,180,362.9,378.8,21.1,21.1,15.2,HP,EN10365,23
HP 400X122,,122,348,390,14,14,15,HP,EN10365,24
HP 400X140,,140,352,392,16,16,15,HP,EN10365,25
HP 400X158,,158,356,394,18,18,15,HP,EN10365,26
HP 400X176,,176,360,396,20,20,15,HP,EN10365,27
HP 400X194,,194,364,398,22,22,15,HP,EN10365,28
HP 400X213,,213,368,400,24,24,15,HP,EN10365,29
HP 400X231,,231,372,402,26,26,15,HP,EN10365,30
UBP 203X45,,44.9,200.2,205.9,9.5,9.5,10.2,UBP,EN10365,0
UBP 203X54,,53.9,204,207.7,11.3,11.4,10.2,UBP,EN10365,1
UBP 254X63,,63,247.1,256.6,10.6,10.7,12.7,UBP,EN10365,2
UBP 254X71,,71,249.7,258,12,12,12.7,UBP,EN10365,3
UBP 254X85,,85.1,254.3,260.4,14.4,14.3,12.7,UBP,EN10365,4
UBP 305X79,,78.9,299.3,306.4,11,11.1,15.2,UBP,EN10365,5
UBP 305X88,,88,301.7,307.8,12.4,12.3,15.2,UBP,EN10365,6
UBP 305X95,,94.9,303.7,308.7,13.3,13.3,15.2,UBP,EN10365,7
UBP 305X110,,110,307.9,310.7,15.3,15.4,15.2,UBP,EN10365,8
UBP 305X126,,126,312.3,312.9,17.5,17.6,15.2,UBP,EN10365,9
UBP 305X149,,149,318.5,316,20.6,20.7,15.2,UBP,EN10365,10
UBP 305X186,,186,328.3,320.9,25.5,25.6,15.2,UBP,EN10365,11
UBP 305X223,,223,337.9,325.7,30.3,30.4,15.2,UBP,EN10365,12
UBP 356X109,,109,346.4,371,12.8,12.9,15.2,UBP,EN10365,13
UBP 356X133,,133,352,373.8,15.6,15.7,15.2,UBP,EN10365,14
UBP 356X152,,152,356.4,376,17.8,17.9,15.2,UBP,EN10365,15
UBP 356X174,,174,361.4,378.5,20.3,20.4,15.2,UBP,EN10365,16
HP 8X36,,54,204,207,11.3,11.3,10,HP,ASTM,0
HP 10X42,,62,246,256,10.5,10.7,13,HP,ASTM,1
HP 10X57,,85,254,260,14.4,14.4,13,HP,ASTM,2
HP 12X53,,79,299,306,11,11,15,HP,ASTM,3
HP 12X63,,94,303,308,13.1,13.1,15,HP,ASTM,4
HP 12X74,,110,308,310,15.4,15.5,15,HP,ASTM,5
HP 12X84,,125,312,312,17.4,17.4,15,HP,ASTM,6
HP 12X89,,132,314,313,18.3,18.3,15,HP,ASTM,7
HP 14X73,,108,346,370,12.8,12.8,0,HP,ASTM,8
HP 14X89,,132,351,373,15.6,15.6,0,HP,ASTM,9
HP 14X102,,152,356,376,17.9,17.9,0,HP,ASTM,10
HP 14X117,,174,361,378,20.4,20.4,0,HP,ASTM,11
HP 16X88,,131,389,398,13.7,13.7,0,HP,ASTM,12
HP 16X101,,151,394,400,15.9,15.9,0,HP,ASTM,13
HP 16X121,,181,400,403,19.1,19.1,0,HP,ASTM,14
HP 16X141,,211,406,406,22.2,22.2,0,HP,ASTM,15
HP 16X162,,242,413,410,25.4,25.4,0,HP,ASTM,16
HP 16X183,,272,419,413,28.6,28.6,0,HP,ASTM,17
HP 18X135,,202,445,451,19.1,19.1,0,HP,ASTM,18
HP 18X157,,234,451,454,22.1,22.1,0,HP,ASTM,19
HP 18X181,,269,457,457,25.4,25.4,0,HP,ASTM,20
HP 18X204,,304,464,460,28.6,28.6,0,HP,ASTM,21
H 200X200,,56.2,200,204,12,12,13,HP,KS D3502,22
H 250X250,,64.4,244,252,11,11,16,HP,KS D3502,23
H 250X250,,82.2,250,255,14,14,16,HP,KS D3502,24
H 300X300,,84.5,294,302,12,12,18,HP,KS D3502,25
H 300X300,,94,300,300,10,15,18,HP,KS D3502,26
H 300X300,,106,300,305,15,15,18,HP,KS D3502,27
H 350X350,,106,338,351,13,13,20,HP,KS D3502,28
H 350X350,,131,344,354,16,16,20,HP,KS D3502,29
H 350X350,,137,350,350,12,19,20,HP,KS D3502,30
H 350X350,,156,350,357,19,19,20,HP,KS D3502,31
H 400X400,,140,388,402,15,15,22,HP,KS D3502,32
H 400X400,,186,394,405,18,18,22,HP,KS D3502,33
H 400X400,,172,400,400,13,21,22,HP,KS D3502,34
H 400X400,,197,400,408,21,21,22,HP,KS D3502,35
H 400X400,,232,414,405,18,18,22,HP,KS D3502,36
H 400X400,,283,428,407,20,35,22,HP,KS D3502,37
200 UBP 122,,122,230,220,25,25,11.4,UBP,AS 3679.2,0
310 UBP 78.8,,78.8,299,306,11.1,11.1,16.5,UBP,AS 3679.2,1
310 UBP 110,,110,308,311,15.4,15.3,16.5,UBP,AS 3679.2,2
310 UBP 149,,149,318,316,20.6,20.5,16.5,UBP,AS 3679.2,3
