thk,kgm,h,b,profileCode,code
1.6,0.872648704,20,20,SHS,AS.NZS-1163
1.6,1.109781504,25,25,SHS,AS.NZS-1163
2,1.3635136,25,25,SHS,AS.NZS-1163
2.5,1.66734,25,25,SHS,AS.NZS-1163
3,1.9563456,25,25,SHS,AS.NZS-1163
1.6,1.346914304,30,30,SHS,AS.NZS-1163
2,1.6599296,30,30,SHS,AS.NZS-1163
1.6,1.584047104,35,35,SHS,AS.NZS-1163
2,1.9563456,35,35,SHS,AS.NZS-1163
2.5,2.40838,35,35,SHS,AS.NZS-1163
3,2.8455936,35,35,SHS,AS.NZS-1163
1.6,1.821179904,40,40,SHS,AS.NZS-1163
2,2.2527616,40,40,SHS,AS.NZS-1163
2.5,2.7789,40,40,SHS,AS.NZS-1163
4,4.2683904,40,40,SHS,AS.NZS-1163
1.6,2.295445504,50,50,SHS,AS.NZS-1163
2,2.8455936,50,50,SHS,AS.NZS-1163
2.5,3.51994,50,50,SHS,AS.NZS-1163
3,4.1794656,50,50,SHS,AS.NZS-1163
4,5.4540544,50,50,SHS,AS.NZS-1163
2,3.7348416,65,65,SHS,AS.NZS-1163
2.5,4.6315,65,65,SHS,AS.NZS-1163
3,5.5133376,65,65,SHS,AS.NZS-1163
2.5,5.37254,75,75,SHS,AS.NZS-1163
3,6.4025856,75,75,SHS,AS.NZS-1163
3.5,7.4178104,75,75,SHS,AS.NZS-1163
4,8.4182144,75,75,SHS,AS.NZS-1163
5,10.37456,75,75,SHS,AS.NZS-1163
6,12.2716224,75,75,SHS,AS.NZS-1163
3.5,8.8702488,89,89,SHS,AS.NZS-1163
5,12.449472,89,89,SHS,AS.NZS-1163
6,14.7615168,89,89,SHS,AS.NZS-1163
3,8.6257056,100,100,SHS,AS.NZS-1163
4,11.3823744,100,100,SHS,AS.NZS-1163
5,14.07976,100,100,SHS,AS.NZS-1163
6,16.7178624,100,100,SHS,AS.NZS-1163
9,24.2764704,100,100,SHS,AS.NZS-1163
4,14.3465344,125,125,SHS,AS.NZS-1163
5,17.78496,125,125,SHS,AS.NZS-1163
6,21.1641024,125,125,SHS,AS.NZS-1163
9,30.9458304,125,125,SHS,AS.NZS-1163
5,21.49016,150,150,SHS,AS.NZS-1163
6,25.6103424,150,150,SHS,AS.NZS-1163
9,37.6151904,150,150,SHS,AS.NZS-1163
5,28.90056,200,200,SHS,AS.NZS-1163
6,34.5028224,200,200,SHS,AS.NZS-1163
9,50.9539104,200,200,SHS,AS.NZS-1163
6,43.3953024,250,250,SHS,AS.NZS-1163
9,64.2926304,250,250,SHS,AS.NZS-1163
1.65,0.540440472,12.7,12.7,SHS,ASTM
1.65,0.853455768,19.1,19.1,SHS,ASTM
1.65,1.1615802,25.4,25.4,SHS,ASTM
2.11,1.456644543,25.4,25.4,SHS,ASTM
3.05,2.020593768,25.4,25.4,SHS,ASTM
1.65,1.474595496,31.8,31.8,SHS,ASTM
2.11,1.856924709,31.8,31.8,SHS,ASTM
3.05,2.5991978,31.8,31.8,SHS,ASTM
1.65,1.782719928,38.1,38.1,SHS,ASTM
2.11,2.250950498,38.1,38.1,SHS,ASTM
3.05,3.168761144,38.1,38.1,SHS,ASTM
4.57,4.542044615,38.1,38.1,SHS,ASTM
6.35,5.97611708,38.1,38.1,SHS,ASTM
1.65,2.095735224,44.5,44.5,SHS,ASTM
2.11,2.651230665,44.5,44.5,SHS,ASTM
3.05,3.747365176,44.5,44.5,SHS,ASTM
1.65,2.403859656,50.8,50.8,SHS,ASTM
2.11,3.045256453,50.8,50.8,SHS,ASTM
3.05,4.31692852,50.8,50.8,SHS,ASTM
4.57,6.262413438,50.8,50.8,SHS,ASTM
6.35,8.366563912,50.8,50.8,SHS,ASTM
2.11,3.839562409,63.5,63.5,SHS,ASTM
3.05,5.465095896,63.5,63.5,SHS,ASTM
4.57,7.98278226,63.5,63.5,SHS,ASTM
6.35,10.75701074,63.5,63.5,SHS,ASTM
2.11,4.633868364,76.2,76.2,SHS,ASTM
3.05,6.613263272,76.2,76.2,SHS,ASTM
4.57,9.703151083,76.2,76.2,SHS,ASTM
6.35,13.14745758,76.2,76.2,SHS,ASTM
7.95,16.08316164,76.2,76.2,SHS,ASTM
9.53,18.83323815,76.2,76.2,SHS,ASTM
3.05,7.761430648,88.9,88.9,SHS,ASTM
4.57,11.4235199,88.9,88.9,SHS,ASTM
6.35,15.53790441,88.9,88.9,SHS,ASTM
7.95,19.07592578,88.9,88.9,SHS,ASTM
9.53,22.42079064,88.9,88.9,SHS,ASTM
3.05,8.909598024,101.6,101.6,SHS,ASTM
4.57,13.14388873,101.6,101.6,SHS,ASTM
6.35,17.92835124,101.6,101.6,SHS,ASTM
7.95,22.06868993,101.6,101.6,SHS,ASTM
9.53,26.00834313,101.6,101.6,SHS,ASTM
12.7,33.46625565,101.6,101.6,SHS,ASTM
3.05,11.20593278,127,127,SHS,ASTM
4.57,16.58462637,127,127,SHS,ASTM
6.35,22.7092449,127,127,SHS,ASTM
7.95,28.05421822,127,127,SHS,ASTM
9.53,33.18344811,127,127,SHS,ASTM
12.7,43.02804298,127,127,SHS,ASTM
4.57,20.02536402,152.4,152.4,SHS,ASTM
6.35,27.49013857,152.4,152.4,SHS,ASTM
7.95,34.0397465,152.4,152.4,SHS,ASTM
9.53,40.35855309,152.4,152.4,SHS,ASTM
12.7,52.5898303,152.4,152.4,SHS,ASTM
4.57,23.46610166,177.8,177.8,SHS,ASTM
6.35,32.27103223,177.8,177.8,SHS,ASTM
7.95,40.02527479,177.8,177.8,SHS,ASTM
9.53,47.53365806,177.8,177.8,SHS,ASTM
12.7,62.15161763,177.8,177.8,SHS,ASTM
4.57,26.90683931,203.2,203.2,SHS,ASTM
6.35,37.0519259,203.2,203.2,SHS,ASTM
7.95,46.01080308,203.2,203.2,SHS,ASTM
9.53,54.70876304,203.2,203.2,SHS,ASTM
12.7,71.71340496,203.2,203.2,SHS,ASTM
15.88,88.17313645,203.2,203.2,SHS,ASTM
6.35,46.61371322,254,254,SHS,ASTM
7.95,57.98185966,254,254,SHS,ASTM
9.53,69.058973,254,254,SHS,ASTM
12.7,90.83697962,254,254,SHS,ASTM
15.88,112.0851337,254,254,SHS,ASTM
6.35,56.17550055,304.8,304.8,SHS,ASTM
7.95,69.95291623,304.8,304.8,SHS,ASTM
9.53,83.40918296,304.8,304.8,SHS,ASTM
12.7,109.9605543,304.8,304.8,SHS,ASTM
15.88,135.997131,304.8,304.8,SHS,ASTM
7.95,81.92397281,355.6,355.6,SHS,ASTM
9.53,97.75939292,355.6,355.6,SHS,ASTM
12.7,129.0841289,355.6,355.6,SHS,ASTM
15.88,159.9091283,355.6,355.6,SHS,ASTM
9.53,112.1096029,406.4,406.4,SHS,ASTM
12.7,148.2077036,406.4,406.4,SHS,ASTM
15.88,183.8211256,406.4,406.4,SHS,ASTM
19.05,218.7258851,406.4,406.4,SHS,ASTM
1.2,0.668714496,20,20,SHS,EN 10219-2 CR
1.5,0.8225544,20,20,SHS,EN 10219-2 CR
1.8,0.971058816,20,20,SHS,EN 10219-2 CR
2,1.0670976,20,20,SHS,EN 10219-2 CR
2,1.0670976,20,20,SHS,EN 10219-2 CR
2.5,1.29682,20,20,SHS,EN 10219-2 CR
1.2,0.846564096,25,25,SHS,EN 10219-2 CR
1.5,1.0448664,25,25,SHS,EN 10219-2 CR
1.8,1.237833216,25,25,SHS,EN 10219-2 CR
2,1.3635136,25,25,SHS,EN 10219-2 CR
2,1.3635136,25,25,SHS,EN 10219-2 CR
2.5,1.66734,25,25,SHS,EN 10219-2 CR
2.5,1.66734,25,25,SHS,EN 10219-2 CR
3,1.9563456,25,25,SHS,EN 10219-2 CR
3,1.9563456,25,25,SHS,EN 10219-2 CR
1.2,1.024413696,30,30,SHS,EN 10219-2 CR
1.5,1.2671784,30,30,SHS,EN 10219-2 CR
1.8,1.504607616,30,30,SHS,EN 10219-2 CR
2,1.6599296,30,30,SHS,EN 10219-2 CR
2,1.6599296,30,30,SHS,EN 10219-2 CR
2.5,2.03786,30,30,SHS,EN 10219-2 CR
2.5,2.03786,30,30,SHS,EN 10219-2 CR
2.8,2.257504256,30,30,SHS,EN 10219-2 CR
3,2.4009696,30,30,SHS,EN 10219-2 CR
3,2.4009696,30,30,SHS,EN 10219-2 CR
3.2,2.542063616,30,30,SHS,EN 10219-2 CR
1.2,1.380112896,40,40,SHS,EN 10219-2 CR
1.5,1.7118024,40,40,SHS,EN 10219-2 CR
1.8,2.038156416,40,40,SHS,EN 10219-2 CR
2,2.2527616,40,40,SHS,EN 10219-2 CR
2,2.2527616,40,40,SHS,EN 10219-2 CR
2.5,2.7789,40,40,SHS,EN 10219-2 CR
2.5,2.7789,40,40,SHS,EN 10219-2 CR
2.6,2.882349184,40,40,SHS,EN 10219-2 CR
2.8,3.087469056,40,40,SHS,EN 10219-2 CR
3,3.2902176,40,40,SHS,EN 10219-2 CR
3,3.2902176,40,40,SHS,EN 10219-2 CR
3.2,3.490594816,40,40,SHS,EN 10219-2 CR
3.5,3.7867144,40,40,SHS,EN 10219-2 CR
3.8,4.077498496,40,40,SHS,EN 10219-2 CR
4,4.2683904,40,40,SHS,EN 10219-2 CR
4,4.2683904,40,40,SHS,EN 10219-2 CR
5,5.18728,40,40,SHS,EN 10219-2 CR
5,5.18728,40,40,SHS,EN 10219-2 CR
1.2,1.735812096,50,50,SHS,EN 10219-2 CR
1.4,2.016814464,50,50,SHS,EN 10219-2 CR
1.5,2.1564264,50,50,SHS,EN 10219-2 CR
1.8,2.571705216,50,50,SHS,EN 10219-2 CR
2,2.8455936,50,50,SHS,EN 10219-2 CR
2.5,3.51994,50,50,SHS,EN 10219-2 CR
2.5,3.51994,50,50,SHS,EN 10219-2 CR
2.6,3.653030784,50,50,SHS,EN 10219-2 CR
2.8,3.917433856,50,50,SHS,EN 10219-2 CR
3,4.1794656,50,50,SHS,EN 10219-2 CR
3,4.1794656,50,50,SHS,EN 10219-2 CR
3.2,4.439126016,50,50,SHS,EN 10219-2 CR
3.5,4.8241704,50,50,SHS,EN 10219-2 CR
3.8,5.203879296,50,50,SHS,EN 10219-2 CR
4,5.4540544,50,50,SHS,EN 10219-2 CR
4,5.4540544,50,50,SHS,EN 10219-2 CR
4.8,6.431041536,50,50,SHS,EN 10219-2 CR
5,6.66936,50,50,SHS,EN 10219-2 CR
5,6.66936,50,50,SHS,EN 10219-2 CR
6,7.8253824,50,50,SHS,EN 10219-2 CR
6.3,8.160628896,50,50,SHS,EN 10219-2 CR
1.2,2.091511296,60,60,SHS,EN 10219-2 CR
1.5,2.6010504,60,60,SHS,EN 10219-2 CR
1.8,3.105254016,60,60,SHS,EN 10219-2 CR
2,3.4384256,60,60,SHS,EN 10219-2 CR
2.5,4.26098,60,60,SHS,EN 10219-2 CR
2.6,4.423712384,60,60,SHS,EN 10219-2 CR
2.8,4.747398656,60,60,SHS,EN 10219-2 CR
3,5.0687136,60,60,SHS,EN 10219-2 CR
3,5.0687136,60,60,SHS,EN 10219-2 CR
3.2,5.387657216,60,60,SHS,EN 10219-2 CR
3.5,5.8616264,60,60,SHS,EN 10219-2 CR
3.8,6.330260096,60,60,SHS,EN 10219-2 CR
4,6.6397184,60,60,SHS,EN 10219-2 CR
4,6.6397184,60,60,SHS,EN 10219-2 CR
4.8,7.853838336,60,60,SHS,EN 10219-2 CR
5,8.15144,60,60,SHS,EN 10219-2 CR
5,8.15144,60,60,SHS,EN 10219-2 CR
6,9.6038784,60,60,SHS,EN 10219-2 CR
6.3,10.0280497,60,60,SHS,EN 10219-2 CR
8,12.3309056,60,60,SHS,EN 10219-2 CR
1.2,2.447210496,70,70,SHS,EN 10219-2 CR
1.5,3.0456744,70,70,SHS,EN 10219-2 CR
1.8,3.638802816,70,70,SHS,EN 10219-2 CR
2,4.0312576,70,70,SHS,EN 10219-2 CR
2.5,5.00202,70,70,SHS,EN 10219-2 CR
2.8,5.577363456,70,70,SHS,EN 10219-2 CR
3,5.9579616,70,70,SHS,EN 10219-2 CR
3,5.9579616,70,70,SHS,EN 10219-2 CR
3.2,6.336188416,70,70,SHS,EN 10219-2 CR
3.5,6.8990824,70,70,SHS,EN 10219-2 CR
3.6,7.085528064,70,70,SHS,EN 10219-2 CR
3.8,7.456640896,70,70,SHS,EN 10219-2 CR
4,7.8253824,70,70,SHS,EN 10219-2 CR
4.8,9.276635136,70,70,SHS,EN 10219-2 CR
5,9.63352,70,70,SHS,EN 10219-2 CR
5,9.63352,70,70,SHS,EN 10219-2 CR
6,11.3823744,70,70,SHS,EN 10219-2 CR
6.3,11.8954705,70,70,SHS,EN 10219-2 CR
6.3,11.8954705,70,70,SHS,EN 10219-2 CR
8,14.7022336,70,70,SHS,EN 10219-2 CR
8,14.7022336,70,70,SHS,EN 10219-2 CR
1.5,3.4902984,80,80,SHS,EN 10219-2 CR
1.8,4.172351616,80,80,SHS,EN 10219-2 CR
2,4.6240896,80,80,SHS,EN 10219-2 CR
2.5,5.74306,80,80,SHS,EN 10219-2 CR
2.8,6.407328256,80,80,SHS,EN 10219-2 CR
3,6.8472096,80,80,SHS,EN 10219-2 CR
3,6.8472096,80,80,SHS,EN 10219-2 CR
3.2,7.284719616,80,80,SHS,EN 10219-2 CR
3.5,7.9365384,80,80,SHS,EN 10219-2 CR
3.6,8.152625664,80,80,SHS,EN 10219-2 CR
3.8,8.583021696,80,80,SHS,EN 10219-2 CR
4,9.0110464,80,80,SHS,EN 10219-2 CR
4.8,10.69943194,80,80,SHS,EN 10219-2 CR
5,11.1156,80,80,SHS,EN 10219-2 CR
5,11.1156,80,80,SHS,EN 10219-2 CR
5.8,12.75655898,80,80,SHS,EN 10219-2 CR
6,13.1608704,80,80,SHS,EN 10219-2 CR
6.3,13.7628913,80,80,SHS,EN 10219-2 CR
6.3,13.7628913,80,80,SHS,EN 10219-2 CR
8,17.0735616,80,80,SHS,EN 10219-2 CR
8,17.0735616,80,80,SHS,EN 10219-2 CR
2.3,5.979007136,90,90,SHS,EN 10219-2 CR
2.5,6.4841,90,90,SHS,EN 10219-2 CR
3,7.7364576,90,90,SHS,EN 10219-2 CR
3.6,9.219723264,90,90,SHS,EN 10219-2 CR
4,10.1967104,90,90,SHS,EN 10219-2 CR
5,12.59768,90,90,SHS,EN 10219-2 CR
5,12.59768,90,90,SHS,EN 10219-2 CR
6,14.9393664,90,90,SHS,EN 10219-2 CR
6.3,15.6303121,90,90,SHS,EN 10219-2 CR
6.3,15.6303121,90,90,SHS,EN 10219-2 CR
8,19.4448896,90,90,SHS,EN 10219-2 CR
8,19.4448896,90,90,SHS,EN 10219-2 CR
1.5,4.3795464,100,100,SHS,EN 10219-2 CR
1.8,5.239449216,100,100,SHS,EN 10219-2 CR
2,5.8097536,100,100,SHS,EN 10219-2 CR
2.5,7.22514,100,100,SHS,EN 10219-2 CR
2.8,8.067257856,100,100,SHS,EN 10219-2 CR
3,8.6257056,100,100,SHS,EN 10219-2 CR
3,8.6257056,100,100,SHS,EN 10219-2 CR
3.2,9.181782016,100,100,SHS,EN 10219-2 CR
3.5,10.0114504,100,100,SHS,EN 10219-2 CR
3.8,10.8357833,100,100,SHS,EN 10219-2 CR
4,11.3823744,100,100,SHS,EN 10219-2 CR
4,11.3823744,100,100,SHS,EN 10219-2 CR
4.8,13.54502554,100,100,SHS,EN 10219-2 CR
5,14.07976,100,100,SHS,EN 10219-2 CR
5,14.07976,100,100,SHS,EN 10219-2 CR
5.8,16.19498458,100,100,SHS,EN 10219-2 CR
6,16.7178624,100,100,SHS,EN 10219-2 CR
6.3,17.4977329,100,100,SHS,EN 10219-2 CR
6.3,17.4977329,100,100,SHS,EN 10219-2 CR
8,21.8162176,100,100,SHS,EN 10219-2 CR
8,21.8162176,100,100,SHS,EN 10219-2 CR
10,26.67744,100,100,SHS,EN 10219-2 CR
10,26.67744,100,100,SHS,EN 10219-2 CR
12,31.3015296,100,100,SHS,EN 10219-2 CR
1.5,5.2687944,120,120,SHS,EN 10219-2 CR
1.8,6.306546816,120,120,SHS,EN 10219-2 CR
2,6.9954176,120,120,SHS,EN 10219-2 CR
2.5,8.70722,120,120,SHS,EN 10219-2 CR
2.8,9.727187456,120,120,SHS,EN 10219-2 CR
3,10.4042016,120,120,SHS,EN 10219-2 CR
3.2,11.07884442,120,120,SHS,EN 10219-2 CR
3.5,12.0863624,120,120,SHS,EN 10219-2 CR
3.8,13.0885449,120,120,SHS,EN 10219-2 CR
4,13.7537024,120,120,SHS,EN 10219-2 CR
4.8,16.39061914,120,120,SHS,EN 10219-2 CR
5,17.04392,120,120,SHS,EN 10219-2 CR
5,17.04392,120,120,SHS,EN 10219-2 CR
5.8,19.63341018,120,120,SHS,EN 10219-2 CR
6,20.2748544,120,120,SHS,EN 10219-2 CR
6.3,21.2325745,120,120,SHS,EN 10219-2 CR
6.3,21.2325745,120,120,SHS,EN 10219-2 CR
8,26.5588736,120,120,SHS,EN 10219-2 CR
8,26.5588736,120,120,SHS,EN 10219-2 CR
10,32.60576,120,120,SHS,EN 10219-2 CR
10,32.60576,120,120,SHS,EN 10219-2 CR
12,38.4155136,120,120,SHS,EN 10219-2 CR
12.5,39.8309,120,120,SHS,EN 10219-2 CR
12.5,39.8309,120,120,SHS,EN 10219-2 CR
4,16.1250304,140,140,SHS,EN 10219-2 CR
5,20.00808,140,140,SHS,EN 10219-2 CR
5,20.00808,140,140,SHS,EN 10219-2 CR
6,23.8318464,140,140,SHS,EN 10219-2 CR
6.3,24.9674161,140,140,SHS,EN 10219-2 CR
6.3,24.9674161,140,140,SHS,EN 10219-2 CR
8,31.3015296,140,140,SHS,EN 10219-2 CR
8,31.3015296,140,140,SHS,EN 10219-2 CR
10,38.53408,140,140,SHS,EN 10219-2 CR
10,38.53408,140,140,SHS,EN 10219-2 CR
12,45.5294976,140,140,SHS,EN 10219-2 CR
12.5,47.2413,140,140,SHS,EN 10219-2 CR
12.5,47.2413,140,140,SHS,EN 10219-2 CR
3,13.0719456,150,150,SHS,EN 10219-2 CR
3.2,13.92443802,150,150,SHS,EN 10219-2 CR
3.5,15.1987304,150,150,SHS,EN 10219-2 CR
3.8,16.4676873,150,150,SHS,EN 10219-2 CR
4,17.3106944,150,150,SHS,EN 10219-2 CR
4.8,20.65900954,150,150,SHS,EN 10219-2 CR
5,21.49016,150,150,SHS,EN 10219-2 CR
5,21.49016,150,150,SHS,EN 10219-2 CR
5.8,24.79104858,150,150,SHS,EN 10219-2 CR
6,25.6103424,150,150,SHS,EN 10219-2 CR
6.3,26.8348369,150,150,SHS,EN 10219-2 CR
8,33.6728576,150,150,SHS,EN 10219-2 CR
8,33.6728576,150,150,SHS,EN 10219-2 CR
10,41.49824,150,150,SHS,EN 10219-2 CR
10,41.49824,150,150,SHS,EN 10219-2 CR
12,49.0864896,150,150,SHS,EN 10219-2 CR
12.5,50.9465,150,150,SHS,EN 10219-2 CR
12.5,50.9465,150,150,SHS,EN 10219-2 CR
14.2,57.15967578,150,150,SHS,EN 10219-2 CR
16,63.5515904,150,150,SHS,EN 10219-2 CR
16,63.5515904,150,150,SHS,EN 10219-2 CR
4,20.8676864,180,180,SHS,EN 10219-2 CR
5,25.9364,180,180,SHS,EN 10219-2 CR
5,25.9364,180,180,SHS,EN 10219-2 CR
6,30.9458304,180,180,SHS,EN 10219-2 CR
6.3,32.4370993,180,180,SHS,EN 10219-2 CR
6.3,32.4370993,180,180,SHS,EN 10219-2 CR
8,40.7868416,180,180,SHS,EN 10219-2 CR
8,40.7868416,180,180,SHS,EN 10219-2 CR
10,50.39072,180,180,SHS,EN 10219-2 CR
10,50.39072,180,180,SHS,EN 10219-2 CR
12,59.7574656,180,180,SHS,EN 10219-2 CR
12.5,62.0621,180,180,SHS,EN 10219-2 CR
12.5,62.0621,180,180,SHS,EN 10219-2 CR
14.2,69.78699738,180,180,SHS,EN 10219-2 CR
16,77.7795584,180,180,SHS,EN 10219-2 CR
16,77.7795584,180,180,SHS,EN 10219-2 CR
4,23.2390144,200,200,SHS,EN 10219-2 CR
5,28.90056,200,200,SHS,EN 10219-2 CR
5,28.90056,200,200,SHS,EN 10219-2 CR
6,34.5028224,200,200,SHS,EN 10219-2 CR
6.3,36.1719409,200,200,SHS,EN 10219-2 CR
6.3,36.1719409,200,200,SHS,EN 10219-2 CR
8,45.5294976,200,200,SHS,EN 10219-2 CR
8,45.5294976,200,200,SHS,EN 10219-2 CR
10,56.31904,200,200,SHS,EN 10219-2 CR
10,56.31904,200,200,SHS,EN 10219-2 CR
12,66.8714496,200,200,SHS,EN 10219-2 CR
12.5,69.4725,200,200,SHS,EN 10219-2 CR
12.5,69.4725,200,200,SHS,EN 10219-2 CR
14.2,78.20521178,200,200,SHS,EN 10219-2 CR
16,87.2648704,200,200,SHS,EN 10219-2 CR
16,87.2648704,200,200,SHS,EN 10219-2 CR
5,31.86472,220,220,SHS,EN 10219-2 CR
6,38.0598144,220,220,SHS,EN 10219-2 CR
6.3,39.9067825,220,220,SHS,EN 10219-2 CR
6.3,45.5090449,250,250,SHS,EN 10219-2 CR
8,50.2721536,220,220,SHS,EN 10219-2 CR
8,57.3861376,250,250,SHS,EN 10219-2 CR
10,62.24736,220,220,SHS,EN 10219-2 CR
10,71.13984,250,250,SHS,EN 10219-2 CR
12,73.9854336,220,220,SHS,EN 10219-2 CR
12.5,76.8829,220,220,SHS,EN 10219-2 CR
12.5,87.9985,250,250,SHS,EN 10219-2 CR
14.2,86.62342618,220,220,SHS,EN 10219-2 CR
16,96.7501824,220,220,SHS,EN 10219-2 CR
16,110.9781504,250,250,SHS,EN 10219-2 CR
5,36.31096,250,250,SHS,EN 10219-2 CR
6,43.3953024,250,250,SHS,EN 10219-2 CR
6.3,45.5090449,250,250,SHS,EN 10219-2 CR
6.3,54.8461489,300,300,SHS,EN 10219-2 CR
8,57.3861376,250,250,SHS,EN 10219-2 CR
8,69.2427776,300,300,SHS,EN 10219-2 CR
10,71.13984,250,250,SHS,EN 10219-2 CR
10,85.96064,300,300,SHS,EN 10219-2 CR
12,84.6564096,250,250,SHS,EN 10219-2 CR
12.5,87.9985,250,250,SHS,EN 10219-2 CR
12.5,106.5245,300,300,SHS,EN 10219-2 CR
14.2,99.25074778,250,250,SHS,EN 10219-2 CR
16,110.9781504,250,250,SHS,EN 10219-2 CR
16,134.6914304,300,300,SHS,EN 10219-2 CR
6,52.2877824,300,300,SHS,EN 10219-2 CR
6.3,54.8461489,300,300,SHS,EN 10219-2 CR
8,69.2427776,300,300,SHS,EN 10219-2 CR
8,81.0994176,350,350,SHS,EN 10219-2 CR
10,85.96064,300,300,SHS,EN 10219-2 CR
10,100.78144,350,350,SHS,EN 10219-2 CR
12,102.4413696,300,300,SHS,EN 10219-2 CR
12.5,106.5245,300,300,SHS,EN 10219-2 CR
12.5,125.0505,350,350,SHS,EN 10219-2 CR
14.2,120.2962838,300,300,SHS,EN 10219-2 CR
16,134.6914304,300,300,SHS,EN 10219-2 CR
16,158.4047104,350,350,SHS,EN 10219-2 CR
8,81.0994176,350,350,SHS,EN 10219-2 CR
10,100.78144,350,350,SHS,EN 10219-2 CR
10,115.60224,400,400,SHS,EN 10219-2 CR
12,120.2263296,350,350,SHS,EN 10219-2 CR
12.5,125.0505,350,350,SHS,EN 10219-2 CR
12.5,143.5765,400,400,SHS,EN 10219-2 CR
14.2,141.3418198,350,350,SHS,EN 10219-2 CR
16,158.4047104,350,350,SHS,EN 10219-2 CR
16,182.1179904,400,400,SHS,EN 10219-2 CR
10,115.60224,400,400,SHS,EN 10219-2 CR
12.5,143.5765,400,400,SHS,EN 10219-2 CR
14.2,162.3873558,400,400,SHS,EN 10219-2 CR
16,182.1179904,400,400,SHS,EN 10219-2 CR
20,225.27616,400,400,SHS,EN 10219-2 CR
1.2,0.668714496,20,20,SHS,JIS G3466
1.6,0.872648704,20,20,SHS,JIS G3466
1.2,0.846564096,25,25,SHS,JIS G3466
1.6,1.109781504,25,25,SHS,JIS G3466
1.2,1.024413696,30,30,SHS,JIS G3466
1.6,1.346914304,30,30,SHS,JIS G3466
1.6,1.821179904,40,40,SHS,JIS G3466
2.3,2.570223136,40,40,SHS,JIS G3466
1.6,2.295445504,50,50,SHS,JIS G3466
2.3,3.251979936,50,50,SHS,JIS G3466
3.2,4.439126016,50,50,SHS,JIS G3466
1.6,2.769711104,60,60,SHS,JIS G3466
2.3,3.933736736,60,60,SHS,JIS G3466
3.2,5.387657216,60,60,SHS,JIS G3466
1.6,3.481109504,75,75,SHS,JIS G3466
2.3,4.956371936,75,75,SHS,JIS G3466
3.2,6.810454016,75,75,SHS,JIS G3466
4.5,9.4037976,75,75,SHS,JIS G3466
2.3,5.297250336,80,80,SHS,JIS G3466
3.2,7.284719616,80,80,SHS,JIS G3466
4.5,10.0707336,80,80,SHS,JIS G3466
2.3,5.979007136,90,90,SHS,JIS G3466
3.2,8.233250816,90,90,SHS,JIS G3466
2.3,6.660763936,100,100,SHS,JIS G3466
3.2,9.181782016,100,100,SHS,JIS G3466
4,11.3823744,100,100,SHS,JIS G3466
4.5,12.7384776,100,100,SHS,JIS G3466
6,16.7178624,100,100,SHS,JIS G3466
9,24.2764704,100,100,SHS,JIS G3466
12,31.3015296,100,100,SHS,JIS G3466
3.2,11.55311002,125,125,SHS,JIS G3466
4.5,16.0731576,125,125,SHS,JIS G3466
5,17.78496,125,125,SHS,JIS G3466
6,21.1641024,125,125,SHS,JIS G3466
9,30.9458304,125,125,SHS,JIS G3466
12,40.1940096,125,125,SHS,JIS G3466
4.5,19.4078376,150,150,SHS,JIS G3466
5,21.49016,150,150,SHS,JIS G3466
6,25.6103424,150,150,SHS,JIS G3466
9,37.6151904,150,150,SHS,JIS G3466
4.5,22.7425176,175,175,SHS,JIS G3466
5,25.19536,175,175,SHS,JIS G3466
6,30.0565824,175,175,SHS,JIS G3466
4.5,26.0771976,200,200,SHS,JIS G3466
6,34.5028224,200,200,SHS,JIS G3466
8,45.5294976,200,200,SHS,JIS G3466
9,50.9539104,200,200,SHS,JIS G3466
12,66.8714496,200,200,SHS,JIS G3466
5,36.31096,250,250,SHS,JIS G3466
6,43.3953024,250,250,SHS,JIS G3466
8,57.3861376,250,250,SHS,JIS G3466
9,64.2926304,250,250,SHS,JIS G3466
12,84.6564096,250,250,SHS,JIS G3466
4.5,39.4159176,300,300,SHS,JIS G3466
6,52.2877824,300,300,SHS,JIS G3466
9,77.6313504,300,300,SHS,JIS G3466
12,102.4413696,300,300,SHS,JIS G3466
9,90.9700704,350,350,SHS,JIS G3466
12,120.2263296,350,350,SHS,JIS G3466
1.4,0.564376064,15,15,SHS,KS D 3568
1.4,0.730369024,19,19,SHS,KS D 3568
1.2,0.668714496,20,20,SHS,KS D 3568
1.6,0.872648704,20,20,SHS,KS D 3568
1.2,0.846564096,25,25,SHS,KS D 3568
1.4,0.979358464,25,25,SHS,KS D 3568
1.6,1.109781504,25,25,SHS,KS D 3568
2.3,1.547587936,25,25,SHS,KS D 3568
1.4,1.186849664,30,30,SHS,KS D 3568
1.6,1.346914304,30,30,SHS,KS D 3568
2.3,1.888466336,30,30,SHS,KS D 3568
3,2.4009696,30,30,SHS,KS D 3568
1.4,1.601832064,40,40,SHS,KS D 3568
1.6,1.821179904,40,40,SHS,KS D 3568
2.3,2.570223136,40,40,SHS,KS D 3568
3.2,3.490594816,40,40,SHS,KS D 3568
1.4,2.016814464,50,50,SHS,KS D 3568
1.6,2.295445504,50,50,SHS,KS D 3568
2.3,3.251979936,50,50,SHS,KS D 3568
3.2,4.439126016,50,50,SHS,KS D 3568
4.5,6.0691176,50,50,SHS,KS D 3568
6,7.8253824,50,50,SHS,KS D 3568
1.6,2.769711104,60,60,SHS,KS D 3568
2.3,3.933736736,60,60,SHS,KS D 3568
3.2,5.387657216,60,60,SHS,KS D 3568
4.5,7.4029896,60,60,SHS,KS D 3568
6,9.6038784,60,60,SHS,KS D 3568
1.6,3.481109504,75,75,SHS,KS D 3568
2.3,4.956371936,75,75,SHS,KS D 3568
3.2,6.810454016,75,75,SHS,KS D 3568
4.5,9.4037976,75,75,SHS,KS D 3568
1.6,3.718242304,80,80,SHS,KS D 3568
2.3,5.297250336,80,80,SHS,KS D 3568
3.2,7.284719616,80,80,SHS,KS D 3568
4.5,10.0707336,80,80,SHS,KS D 3568
2.3,5.979007136,90,90,SHS,KS D 3568
3.2,8.233250816,90,90,SHS,KS D 3568
2.3,6.660763936,100,100,SHS,KS D 3568
3.2,9.181782016,100,100,SHS,KS D 3568
4,11.3823744,100,100,SHS,KS D 3568
4.5,12.7384776,100,100,SHS,KS D 3568
6,16.7178624,100,100,SHS,KS D 3568
9,24.2764704,100,100,SHS,KS D 3568
12,31.3015296,100,100,SHS,KS D 3568
3.2,11.55311002,125,125,SHS,KS D 3568
4.5,16.0731576,125,125,SHS,KS D 3568
5,17.78496,125,125,SHS,KS D 3568
6,21.1641024,125,125,SHS,KS D 3568
9,30.9458304,125,125,SHS,KS D 3568
12,40.1940096,125,125,SHS,KS D 3568
4.5,19.4078376,150,150,SHS,KS D 3568
5,21.49016,150,150,SHS,KS D 3568
6,25.6103424,150,150,SHS,KS D 3568
9,37.6151904,150,150,SHS,KS D 3568
4.5,22.7425176,175,175,SHS,KS D 3568
5,25.19536,175,175,SHS,KS D 3568
6,30.0565824,175,175,SHS,KS D 3568
4.5,26.0771976,200,200,SHS,KS D 3568
5,28.90056,200,200,SHS,KS D 3568
6,34.5028224,200,200,SHS,KS D 3568
9,50.9539104,200,200,SHS,KS D 3568
12,66.8714496,200,200,SHS,KS D 3568
5,36.31096,250,250,SHS,KS D 3568
6,43.3953024,250,250,SHS,KS D 3568
8,57.3861376,250,250,SHS,KS D 3568
9,64.2926304,250,250,SHS,KS D 3568
12,84.6564096,250,250,SHS,KS D 3568
4.5,39.4159176,300,300,SHS,KS D 3568
6,52.2877824,300,300,SHS,KS D 3568
9,77.6313504,300,300,SHS,KS D 3568
12,102.4413696,300,300,SHS,KS D 3568
9,90.9700704,350,350,SHS,KS D 3568
12,120.2263296,350,350,SHS,KS D 3568
9,104.3087904,400,400,SHS,KS D 3568
12,138.0112896,400,400,SHS,KS D 3568
14,160.1832064,400,400,SHS,KS D 3568
16,182.1179904,400,400,SHS,KS D 3568
19,214.5755424,400,400,SHS,KS D 3568
22,246.4995456,400,400,SHS,KS D 3568
9,117.6475104,450,450,SHS,KS D 3568
12,155.7962496,450,450,SHS,KS D 3568
16,205.8312704,450,450,SHS,KS D 3568
19,242.7350624,450,450,SHS,KS D 3568
22,279.1053056,450,450,SHS,KS D 3568
12,173.5812096,500,500,SHS,KS D 3568
16,229.5445504,500,500,SHS,KS D 3568
19,270.8945824,500,500,SHS,KS D 3568
22,311.7110656,500,500,SHS,KS D 3568
